sentence1	sentence2	label
ofo app近日推出了小游戏功能 被外界猜测似乎要通过游戏增加收入实现盈利 ofo官方表示 小游戏功能目前处于测试阶段 主要为增强用户粘性 目前没有通过游戏实现盈利的计划	新浪科技在ofo app看到 ofo在新奇栏目增加了一个小游戏功能 目前上线了一款名为 天使的蛋生beta 的养成类游戏 这让外界联想到ofo似乎要通过游戏来增加收入实现盈利	0
近期 国内股市出现明显回调 部分a股投资者产生担忧情绪和避险心理 其实 市场短期波动呈现出不确定性很正常 投资预期下降可以理解 但投资者完全没必要过度悲观甚至恐慌 今年上半年 我国经济运行平稳 供给侧结构性改革成效持续显现 表现为成本下降和杠杆率降低 作为经济的 晴雨表 股市不存在长期大幅下跌的基础 经济日报	当前中国经济基本面良好 金融风险总体可控 转型升级加快推进 国际收支稳定 跨境资本流动大体平衡 经济进入高质量发展阶段 从国家统计局服务业调查中心和中国物流与采购联合会发布的中国采购经理指数看 今年上半年 我国经济运行平稳 供给侧结构性改革成效持续显现 表现为成本下降和杠杆率降低 作为经济的 晴雨表 股市不存在长期大幅下跌的基础 阅读电子报	1
联化科技4日公告 半年报业绩预期变动幅度由 30 至0 下修至比上年同期下降70 100 预计盈利0万元至 5 053 93万元 下调原因为子公司因环保原因停产	联化科技 下调业绩预期 上半年净利预降70 100 联化科技4日晚发布业绩预告修正公告 公司此前预计上半年净利1 18亿至1 68亿元 同比变动幅度为 30 至0 修正后 预计上半年净利为0万元至5054万元 同比下降70 100 子公司江苏联化科技和联化科技 盐城	1
7月2日上午 上海研制生产的首批5 5吋全高清固定曲面柔性amoled手机屏 在位于金山区的和辉光电一期厂房实现量产出货 打破了韩国三星等国外企业在该项目上的技术垄断 同时 和辉光电第6代amoled显示项目生产设备也进入安装调试阶段 计划于2019年初投入试生产	机构调研聚焦oled板块 财联社6月4日讯 数据显示 截至3日记者发稿 沪深两市共有108家公司披露了上周 5月28日至6月1日 的机构调研记录 随着oled 黑牛食品方面在调研活动中表示 公司将把握amoled行业快速发展的机遇期 目前专注于中小尺寸面板 并持续提供符合市场需求的产品 上海证券报	0
业绩增长是上市公司加大现金分红的基础 近年来 a股上市公司现金分红规模持续增长与公司整体业绩向好分不开 据统计 2013年至2017年 a股上市公司实现净利润总额高达13 77万亿元 累计现金分红4 47万亿元 按照整体法计算 整体派现率为32 46 证券日报	a股上市公司5年累计现金分红4 47万亿元 业绩增长是上市公司加大现金分红的基础 近年来 a股上市公司现金分红规模持续增长与公司整体业绩向好分不开 据统计 2013年至2017年 a股上市公司实现净利润总额高达13 77万亿元 累计现金分红4 47万亿元 按照整体法计算 整体派现率为32 46 证券日报	1
温氏股份 6月销售商品肉猪161 39万头 收入21 56亿元 销售均价11 58元 公斤 环比变动分别为 11 09 1 73 11 67 同比变动分别为6 23 11 60 15 16 相关融资标的 温氏股份 300498	温氏股份4日公告 2018年6月销售商品肉猪161 39万头 收入21 56亿元 销售均价11 58元 公斤 环比变动分别为 11 09 1 73 11 67 同比变动分别 为6 23 11 60 15 16	1
北京文化4日晚间公告 公司参与投资 发行的电影 我不是药神 将于2018年7月5日起在中国大陆地区公映	北京文化对于 我不是药神 来说是特殊的 不仅因为其是主投方之一 还是影片的主控宣发方 今年3月24日 北京文化公告披露将投资和宣发 我不是药神 宣发预算为不高于6000万元	0
永清环保 300187 将于2018年07月05日召开股东大会 会议审议事项为 关于重大资产重组延期复牌的议案	永清环保晚间发布公告 由于相关工作还在进展过程中 上述事项尚存在不确定性 为避免公司股价异常波动 切实维护投资者利益 经公司第四届董事会第六次会议审议通过 并向深圳证券交易所申请 公司股票自2018年6月9日起继续停牌 预计停牌不超过一个月 停牌期间 公司将根据重大资产重组的进展情况 及时履行信息披露义务 每五个交易日发布一次重大资产重组进展公告 待相关工作完成后召开董事会审议重大资产重组预案或草案 及时公告并复牌	0
截至22 06 中概股中 研控科技 乐居 绿润集团涨幅靠前 分别为9 15 5 52 5 00 兰亭集势 泰克飞石 华瑞国际跌幅居前 分别为 7 32 6 28 6 06	在大盘上扬带动下 中概股今日开盘普遍表现出色 凤凰新媒体开盘后大涨5 43 触及一个多月来的新高	0
据星球日报报道 近日 代币投资平台republic宣布完成了1200万美元的融资 由binance labs和neo global capital eco fund领投 其余参投方还包括真格基金 zk capital east chain co 等 同时 republic宣布将发行自己的代币 作为平台流通手段	金色财经 比特币7月4日讯 一个名为republic的零售加密投资平台最近宣布完成了一笔1200万美元的新一轮融资 旨在支持其平台代币化 并推出自己的证券型代币 本轮融资的领投方为binance labs和ngc eco fund 参投方包括zk capital oyster ventures fbg capital hazoor capital east chain 以及真格基金等	1
外交部发言人陆慷 中国商务部新闻发言人已经明确强调 中方已经做好准备 只要美方出台所谓的加征关税清单 中方将综合使用各种必要措施 坚定捍卫自己的国家利益和人民利益 我想这一表态中的逻辑关系已经很清楚了	财联社7月4日讯 财政部今日发布政务信息称 注意到日本 朝日新闻 关于 中国的 报复 行动将先于美国开始 的报道 就此 国务院关税税则委员会有关负责人表示 中国政府立场已多次申明 我们绝不会打第一枪 不会先于美国实施加征关税措施 同时 外交部发言人陆慷在今天主持的例行记者会上表示 只要美方出台所谓的加征关税清单 中方将综合使用各种必要措施 坚定捍卫自己的国家利益和人民利益 此外 对于 美光被禁止在华销售部分芯片产品 一事 陆慷回应称 这应当是一起有关知识产权保护的商业个案 与中美贸易摩擦没有必然联系 陆慷还表示 在上周刚刚结束的中欧经贸高层对话期间 双方在深化和扩大中欧经贸合作 支持并推动经济全球化方面达成了重要的共识 双方都认为必须坚决反对单边主义和贸易保护主义 以务实的举措推动双边经贸合作 共同维护以规则为基础的多边贸易体制	0
证监会今日接收关于瑞士嘉盛银行有限公司的 人民币境外机构投资者资格审批 相关材料 人民币境外机构投资者或再添一员	外媒 中国央行喊话后人民币创三个月最大涨幅 有海外投资者放弃继续做空 据彭博 中国央行官员打破对近期本币贬值走势的沉默后 人民币回升并收复重要心理关口 离岸人民币在纽约交易时段一度录得逾三个月来最大涨幅 美国一位知名的宏观策略师透露 已在6 7点位将原持有的人民币空仓平仓	0
柳钢股份4日公告 预计 2018 年上半年实现归属于上市公司股东的净利润与上年同期相比 法定披露数据 将增加15 65亿元到18 51亿元 同比增长 395 467	柳钢股份7月4日晚间公告 预计 2018 年上半年实现归属于上市公司股东的净利润与上年同期相比 将增加 15 65 亿元到 18 51 亿元 同比增长 395 到 467 公司表示 本次业绩大幅增长的原因 一是 2018 年上半年市场基本保持稳定 下游需求增加 公司钢材产品价格 销量较上年同期上涨 同时 公司降本增效成果显著 盈利能力得到提升 二是非经常性损益 1100 万元 主要是收到的政府补助	1
中国社会科学院财经战略研究院3日发布的宏观经济形势季度分析报告预计 2018年全年中国经济增长6 6 报告认为 上半年中国经济供给侧继续保持稳中有进态势 金融严监管配合稳健中性货币政策 货币供应稳中略降 预计2018年二季度及上半年经济增长6 7 比一季度略降0 1个百分点 中新网	社科院 预计2018年中国经济增长6 6 财联社7月3日讯 中国社会科学院财经战略研究院3日发布的宏观经济形势季度分析报告预计 2018年全年中国经济增长6 6 报告认为 上半年中国经济供给侧继续保持稳中有进态势 金融严监管配合稳健中性货币政策 货币供应稳中略降 预计2018年二季度及上半年经济增长6 7 比一季度略降0 1个百分点	1
雷科防务4日公告 全资子公司成为百度apollo生态合作伙伴	雷科防务7月4日公告 公司全资子公司北京理工雷科电子信息技术有限公司 下称 理工雷科 正式成为百度无人驾驶 apollo 阿波罗 计划 的生态合作伙伴	1
美国银行收跌1 77 花旗集团收跌1 64 摩根士丹利收跌1 47 摩根大通收跌1 4 富国银行收跌1 35 高盛收跌1 29 美国运通收跌1 17 股神 巴菲特旗下伯克希尔哈撒韦b类股和a类股分别收跌0 96 和0 63	继6月21日美国35家大型银行 占所有在美国经营银行总资产规模的80 第一阶段年度压力测试全部通关后 6月28日美联储公布的第二轮ccar 银行业综合资本分析审查监管体系 测试中 除德意志银行外 其余受试银行全部通关 当日 美国银行股全线飘红 美国银行 摩根大通均涨逾1 花旗 摩根士丹利涨逾2	0
兴全可转债基金经理张亚辉近期表示 在内外因素同时作用的情况下 可转债市场已反映了悲观预期 下半年大概率会有所修复 从今年新发行的可转债来看 公司转股意愿普遍较强 因此有动力下修转股价 而转股价下修也将导致可转债价格抬升 中证报	004年 市场上发行了第一只可转债基金 兴全可转债基金 目前规模达到31 17亿元 随后的几年里 由于可转债市场容量较小 可选标的不多 慢慢被市场边缘化	0
中国高端酒展览会组委会宣布 2018年第二届中国高端酒展览会将于8月8日在济南国际会展中心开幕 中国副食流通协会会长何继红表示 展会将促进高端酒业发展 助推酒业转型升级	中国高端酒展览会8月8日在济南开幕 财联社7月4日讯 中国高端酒展览会组委会宣布 2018年第二届中国高端酒展览会将于8月8日在济南国际会展中心开幕 中国副食流通协会会长何继红表示 展会将促进高端酒业发展 助推酒业转型升级	1
债券通官网发布的数据显示 债券通北向通正式开通一年以来 境外机构投资者入市数量以及交易规模均平稳增长 截至2018年6月末 共有497家境外机构申请参与债券通业务 其中已获得人民银行备案开展投资业务的有356家 境外非法人产品账户数量占56 境外商业银行占22 境外证券公司占8 按地区分布 涵盖了21个国家和地区 主要集中在中国香港 占约59 境外机构持有银行间债券市场的总额一直上升 连续15个月走高 截至今年5月底境外机构持债总量超过1 4万亿元人民币 较债券通启动前增加了70 证券日报	债券通 自去年7月3日运行以来 据其官网数据统计 境外机构持有银行间债券市场的总额一直上升 连续15个月走高 截至2018年5月末 境外机构持债总量超过1 4万亿元人民币 较 债券通 启动前增加了70 随着境外投资者积极入市以及境外机构持有银行间债券市场总额持续上升 相关制度的完善也成了业内关注的焦点	0
南京新百将于2018年07月06日解禁1066 42万股 占总股本比例0 96	股市最新消息 南京新百今日解禁1066 4229万股_股票内参平台_云财经股票内参平台 了解最新股市动向 关注云财经	1
据北京市智能车联产业创新中心工作人员介绍 目前在北京经济技术开发区 顺义区和海淀区确定了33条共计105公里的首批开放测试道路 北京也是目前国内开放测试道路里程最长的城市 自动驾驶车辆已累计安全行驶26000公里 北京也是国内首个要求无人驾驶企业在封闭场地内训练满5000公里后再参加能力评估考试的城市 北京青年报	自动驾驶技术离我们的日常生活正越来越近 自从前年6月国内第一个 国家智能网联汽车 上海 试点示范区 封闭测试区在位于嘉定的上海国际汽车城启动以来 自动驾驶技术在上海发展迅速 两年来封闭测试区已完成了200多个测试场景建设 累计为40多家企业提供450余天次 超过5000小时的测试服务 今年3月	0
针对部分城市楼市异常升温与长期炒房积弊 近日住建部会同中宣部 公安部 银保监会等七部委决定于2018年7月初至12月底 在北京 上海 天津 深圳等30个城市先行开展治理房地产市场乱象专项行动 坚决打击投机炒房 房地产 黑中介 房地产开发企业违法违规 虚假房地产广告等行为 将会很大程度矫正当前楼市的不合理预期 促进房地产市场稳健运行	经参头版评论 治理乱象将矫正楼市预期 财联社7月4日讯 新华社主管报纸经济参考报头版评论称 房地产业固然重要 但当前我国经济金融基本面已经不支持住宅超出社会平均的投资价值 即使这样 部分城市还有不少人至今仍热衷于住宅投机炒作 这些房地产市场乱象明显偏离了房住不炒的政策定位 扭曲供求关系 推高住房价格吹大房地产泡沫 加剧系统性金融风险聚集 引发市场预期混乱 因此 七部委协调步骤共同治理部分城市房地产乱象 就是明确剑指当前房地产市场存在的各种不守规矩的利益群体 就是立即切断可能引发房地产市场预期突变的反馈环 就是要坚决矫正房地产市场预期	1
比亚迪4日在互动平台表示 目前公司所用锂盐为对外采购	重磅 长安汽车与比亚迪宣布成立合资公司	0
中美贸易关税第一次交手时间临近 近期市场开始逐渐体现出来 普跌行情下 市场避险情绪逐渐增加 黄金板块更是逆势大涨 西部黄金 赤峰黄金涨停 作为本次交锋的农产品 宏辉果蔬再次成为农产品的领头羊 尾盘涨停 昨日板块集体拉升的5g科技股 今日仅几只龙头延续市场行情 邦讯技术五连板 阿石创二连板涨停 欢乐海岸杀入的欣锐科技今日早盘被顶涨停 午后跳水 尾盘跌停 日内地天板振幅20	临近午盘 贸易摩擦概念股再度拉升 中农立华直线拉升封涨停 宏辉果蔬涨5 傲农生物 万向德农 农发种业 登海种业均纷纷冲高	0
comex 8月黄金期货收涨11 80美元 涨幅大约1 0 报1253 50美元 盎司 7月2日以1241 70美元 盎司创2017年12月21日以来主力合约收盘最低位 comex 9月白银期货收涨1 3 报16 043美元 盎司 7月2日以15 835美元 盎司创2017年12月中期以来收盘最低位 nymex 10月铂金期货收涨32 90美元 涨幅4 0 报846 30美元 盎司 7月2日以813 40美元 盎司创2008年12月份以来主力合约收盘最低位 nymex 9月钯金期货收涨0 4 报938 00美元 盎司	财联社7月5日早间新闻精选 宏观新闻 1 李克强7月4日主持召开国务院常务会议 确定进一步扩大科研人员自主权的措施等 comex黄金期货收涨0 37 报1258 1美元 盎司 连涨两日 创近两周新高 因美元汇率下跌 nymex原油期货收涨0 26 报74 33美元 桶 美国原油库存下降 伊朗局势依然紧张 这些因素继续支撑油价	0
下半年的波动性肯定还是很大 所以尽量用多元化配置来规避这方面风险 未来12 18个月内 还不是 现金为王 的时候 因为全球经济依然处于增长之中 总体还是超配环球股票 一些增长较快的地区 包括新兴市场和亚洲股票 还是我们的配置重点 接着就要以固定收益资产去做一些对冲 美元可能会在下半年开始疲软 这将给一些新兴市场资产创造机会	近日 深交所发布 2017年度深圳证券交易所股票市场绩效报告 报告显示 2017年深圳股票市场的市场绩效继续保持较高水平 市场总体运行稳定 市场流动性处于良好水平 市场波动性明显下降 主板 中小板 创业板波动性依次递增 价格有效性 订单执行质量和执行效率均处于较高水平	0
东华软件7月4日晚间上修业绩预告 预计公司2018年上半年净利润3 2亿元 3 8亿元 同比下滑48 38 公司因上年同期出售其所持有的北京东方通科技股权 取得投资收益 导致公司上年同期业绩基数较高	设研院上修业绩预告 预计2017年盈利增长55 85 财联社1月23日讯 设研院上修业绩预告 预计2017年盈利2 01亿元 2 4亿元 同比增长55 85 此前预计增长35 42 71 2017年河南省交通基础设施投资较上年进一步提高 公司在省外市场的拓展亦卓有成效 第四季度实现收入及利润超出预期	0
日前 百度 sb drive 金龙客车达成战略合作 三方将合力开发日本版 apolong 阿波龙 并计划2019年初期 将从中国进口包含测试用车在内的10台 apolong 阿波龙 据悉 百度国际事业部将推动搭载百度自动驾驶系统平台apollo的自动驾驶巴士出口日本 并推进以日本国内公共道路行驶为目的的相关业务落地	签约仪式上 百度与金龙客车一起揭晓了金龙客车第二代无人驾驶微循环车的神秘面纱 它将解决公共交通未覆盖的 最后一公里 的出行问题 双方合作研发的这款无人驾驶微循环车可实现特定场景下的完全无人驾驶 并计划在2018年7月底实现小规模量产及试运营	0
国家集成电路创新中心 国家智能传感器创新中心3日在上海正式启动 国家集成电路创新中心瞄准集成电路关键共性技术 着力解决中国集成电路主流技术方向选择和可靠技术来源问题 国家智能传感器创新中心以关键共性技术的研发和中试为目标 专注传感器设计集成技术 先进制造及封测工艺 布局传感器新材料 新工艺 新器件和物联网应用方案等领域 相关融资标的 紫光国微 002049 sz 华天科技 002185 sz 上海贝岭 600171 sh 士兰微 600460 sh 长电科技 600584 sh	罗文指出 集成电路和智能传感器这两个产业都是关系制造业发展全局和国家经济安全的基础性 先导性和战略性产业 也是各国抢占科技制高点 提升综合国力的关键领域 建设制造业创新中心 不仅是集成电路和智能传感器两个领域创新发展的一个新平台 也是应对新一轮科技和产业革命的新举措 更是抢占产业竞争制高点的新手段	0
摩根大通房地产分析师李洛衡等人在研报中写道 市场对近期的负面消息 反应过度 估计中国房地产投资2018年将增长7 2	摩根大通最新预测称 在势不可挡的汽车电动化浪潮中 未来3到5年 中国将轻松维持其全球最大的电动车制造商的主导地位 不仅2020年电动车销量将占据全球半壁江山 中国电动车产量的增长 也将对上游金属矿产业带来需求增长的利好	0
连续5个月登上房企销售额榜首的碧桂园正在改变扩张策略 为缓解融资政策收紧带来的压力 试图牺牲规模甚至利润 以保证现金流 近期 来自碧桂园内部的知情人士透露 全覆盖 在内部已经明确叫停 暂不对外宣扬 其口中所谓 全覆盖 战略是指在三四五线城市所有的县城 甚至是发达的镇区均需有碧桂园的项目 澎湃	上半年房地产市场政策环境趋紧 企业之间业绩规模深度分化 近日 中国指数研究院发布的统计数据显示 2018年上半年 共有138家房地产企业销售额超过50亿元 较去年增加12家 合计实现销售额49743亿元 同比增长25 6 市场份额提升15 2个百分点达到76 4 行业集中度进一步提升 上半年 伴随城市群产业吸聚效应释放 部分二线及三四线市场需求快速释放 一些大型房企加大推盘力度 实现销售额与销售面积双增长 其中 中间梯队业绩增长最为迅猛 分阵营来看 企业之间强者愈强态势更加明显 中指院数据显示 上半年业绩达到1000亿元以上的企业共七家 销售额增速为32 5 规模化优势持续凸显 其中 碧桂园 恒大 万科分别突破4000亿元 3000亿元 3000亿元大关 逐步拉大与其他企业的差距 行业寡头逐步形成	0
近日欧盟官员称 中国正向欧盟施压 要求双方在即将举行的中欧峰会上就反对美国总统特朗普的贸易政策发表联合声明 而欧盟拒绝了这一提议 发言人陆慷回应说 中欧在扩大经贸合作和共同推动经济全球化方面已达成重要共识 并会通过两大经济体间的对话向世界贡献正能量 环球网	近日有欧盟官员称 中国正向欧盟施压 要求双方在即将举行的中欧峰会上就反对美国总统特朗普的贸易政策发表联合声明 而欧盟方面拒绝了这一提议	1
昨日 大盘探底出现反弹 市场底部是否已经出现 证券时报经多方采访了解到 作为市场上最重要的机构投资者之一 保险机构的看法相对乐观 受访的大中小型保险公司人士普遍认为 近期的下跌令市场恐慌情绪得以释放 投资者不必过于悲观 不过 现在预测市场已经见底还为时尚早 市场底部需要在反复确认中 磨 出来 但如果将周期拉长至未来3 5年看 目前或许已处在底部区域 证券时报	大盘探底反弹 保险机构对股市谨慎乐观 财联社7月4日讯 昨日 大盘探底出现反弹 市场底部是否已经出现 作为市场上最重要的机构投资者之一 保险机构的看法相对乐观 受访的大中小型保险公司人士普遍认为 近期的下跌令市场恐慌情绪得以释放 投资者不必过于悲观 不过 现在预测市场已经见底还为时尚早	1
美股尾盘跳水全线收跌 标普500指数收跌0 49 报2713 22点 道指收跌0 54 报24174 82点 纳指收跌0 86 报7502 67点	美股尾盘跳水全线收 跌纳指跌近1 特斯拉股价重挫逾7 美东时间周二 美股尾盘跳水全线收跌 科技股跌幅居前 拖累纳指跌近1 值得关注的是 摩根大通重申了对特斯拉股票的 减持 评级 特斯拉股价收盘重挫逾7	1
业内人士表示 6月下旬以来 从中央到地方 对房地产市场展开新动作 值得注意的是 从调控方式 范围和调控重心来看 打击遏制投机炒作之风 成为央地新一轮调控 组合拳 的发力点 经济参考报	财联社7月4日讯 2016年中国开始新一轮的去杠杆防风险 现在已经逐渐进入深水区 此前一直以为 民营资本是本次去杠杆相对影响较大的 但实际上 央企正逐渐感受到了同样的压力 据不完全统计 整个6月 包括中核 中航 神华 国家电网等在内的14家央企开始密集转让旗下的地产项目 进入7月 名单可能还会迅速增加	0
华盛顿邮报周一报道称 美国司法部正在扩大对facebook数据业务的调查 联邦调查局 sec和联邦贸易委员会现在都参与其中 根据high capital markets 在调查中增加三个联邦机构并不一定会扩大对facebook的实质性影响 该机构理解是 facebook在数据处理方面没有违反任何美国法律 但这并不意味着该公司不会受到额外的罚款 facebook可能违反了与联邦贸易委员会达成的协议条款 因此我们预计联邦贸易委员会将对该公司处以大约50亿美元的罚款 high capital markets分析师称	今年以来 在中央 房住不炒 的调控精神指导下 多地因城施策 分类调控政策频出 特别是近一段时间 部分城市楼市出现过热苗头 投机炒作有所抬头 引起了中央政府的高度重视 在住建部及时约谈了12个城市 再次重申调控力度不放松并出台6大调控措施后 多地调控再次密集加码 进一步封堵炒房 漏洞	0
德国dax指数7月4日 周三 收盘下跌27 44点 跌幅0 22 报12321 70点 英国富时100指数7月4日 周三 收盘下跌20 54点 跌幅0 27 报7572 75点 法国cac40指数7月4日 周三 收盘上涨3 74点 涨幅0 07 报5320 50点 西班牙ibex35指数7月4日 周三 收盘上涨93 10点 涨幅0 96 报9754 00点 意大利富时指数7月4日 周三 收盘下跌75 66点 跌幅0 35 报21688 50点	欧股小幅低开 财联社7月4日讯 德国dax指数跌0 16 报12349 14点 英国富时100指数跌0 29 报7593 29点 法国cac40指数跌0 07 报5316 76点	0
多位券商人士4日确认 对于7月1号以后申报的再融资项目 要求发行人的财务数据更新到6月30日 意味着再融资项目申报审批的流程将再次延长 财汇大数据终端统计 截至7月4日 上市公司增发募资金额4705 22亿元 仅有去年全年三分之一左右 可转债发行金额639 47亿元 可交换债发行金额516 10亿元 同比增速都大大不及去年 债券融资也相对困难 市场对中低等级信用债态度谨慎 发行人评级中枢明显上移 中国证券报	对于目前冷清的再融资市场 监管层又作出最新窗口指导 知情人士透露 对于7月1号以后申报的再融资项目 要求发行人的财务数据更新到6月30日 之前只要更新至上一个会计年度 一位投行人士表示 虽然只是提交未经审计的半年报 但工作量也着实不小 他感慨 这无疑增大了申报再融资的工作量 延缓了市场的再融资进程 一位接近证监会的人士透露 该窗口指导主要目的是顺应目前严监管的需要 及时摸清发行人的财务状况 提高发行人的再融资项目质量 按照他的预测 如果发行人要更新半年报 其项目在9月份之前都未必能报上来 虽然只是提交未经审计的半年报 但工作量也着实不小 他带来的结果确实是延缓了整个再融资市场的申请进度 目前整个a股市场波动比较大 延缓申请带来的结果是 减少了再融资对于市场流动性的抽血效应 根据统计 按发行日计 2018年上半年股权再融资 增发 配股 优先股 可转债 可交换债 总计募资4151亿元 同比减少约13 7 其中 上半年增发募资约3290亿元 同比减少20 而可转债和可交债合计募资约759亿元 同比增加近30 优先股没有募资项目完成	0
近年来 游戏行业公司今年来开始扎堆转道赴港首次公开募股 ipo 在2017年底游莱互动在香港上市之后 2018年上半年又有5家游戏公司赴港ipo 其中还包括今年3月主动从a股撤回ipo的多益网络 统计显示 目前仍在a股排队ipo的游戏公司为8家 分别是四三九九 蜗牛数字 波克城市 米哈游 趣炫网络 柠檬微趣 乐元素与华清飞扬 其中排队时间最长的是四三九九 从2014年12月19日开始排队至今已经三年多 最晚的则是华清飞扬 2018年3月30日才刚预先披露 至今仅3个多月 证券时报	2018年 游戏公司对资本市场上的态度也悄然生变 近10家游戏企业仍在坚持排队 不少游戏公司已经转战港股 相比资本退出的急迫 游戏公司更大的难题来自业务本身的突围焦虑 曾经一个品质稍微用心的游戏便可以收割大批用户 而如今即便是精品 也需要杀出一条血路才能生存 黄金红利期排队来 排队走 吃尽了人口红利 吃ip红利 ip红利将尽 吃流量红利 而现在人口红利 ip红利 流量红利都要耗尽了 游戏产业的出路是什么	0
3日晚间 一则 陆金所代销的某资管计划产品已停止付息 的消息在市场流传 4日 经了解到 这款名为 大同证券同吉8号集合资产管理计划 的产品 确实存在因底层借款人 上市公司东方金钰相关银行账户被冻结 而出现2018年第二季度利息兑付逾期的情况 对此 代销机构陆金所方面负责人表示 该产品涉及上海陆金所基金销售有限公司 陆金所子公司 60位投资人 代销金额共7793万元 相关融资标的 东方金钰 600086 腾讯一线	中国经济网编者按 陆金所代销再次 踩雷 近日 陆金所代销的 大同证券同吉8号集合资产管理计划 出现2018年二季度利息兑付逾期的情况 据悉 该产品涉及陆金所旗下基金销售平台陆基金60位投资人 代销金额共7793万元 上述逾期的资管计划底层资产为上市公司东方金钰的贷款项目 东方金钰目前不能按时付息 据了解主要是和一家小贷公司的合同纠纷有关 部分资产被冻结 导致现金流比较紧张 到期利息无法支付	1
美国数字加密货币安全公司ciphertrace今日发布报告称 今年上半年全球数字加密货币交易所频繁遭到黑客攻击 报告显示 今年前六个月 全球数字加密货币交易所共有价值7 61亿美元的数字加密货币被黑客窃取 相比之下 整个2017年的损失额也不过2 66亿美元 ciphertrace预计 今年的整体损失有望达到15亿美元	facebook将再次允许发布涉及加密货币的广告 财联社6月27日讯 曾在1月宣布禁止宣传与加密货币有关的金融产品和服务广告后 facebook周二宣布将再次允许发布此类广告 但仍将禁止二元期权和首次代币发行的广告 华尔街日报	0
美国总统特朗普发布关于欧佩克和油价的推特更容易让市场担忧并给油价带来上行压力 随着美国11月中期选举来临 特朗普已经就此发了三条推特 其旨在要求世界上所有剩余的闲置产能立即上线 最近的一条推特暗示美国的政策是依靠沙特闲置产能来弥补全球原油供应缺口 如果其推特被采纳为政策 意味着美国希望沙特增产200万桶 日 但是 实际增产量在短期内可能仅仅超过70万桶 日	特朗普发推特警告欧佩克 立即降价 财联社7月5日讯 美国总统特朗普周三在推特上抨击欧佩克成员国推高油价 称欧佩克需要对油价采取更多行动 并将这一问题与美国在许多欧佩克成员国的军事存在联系起来 特朗普在推特上写道 欧佩克垄断组织必须记住 油价正在上涨 而他们几乎没有提供什么帮助 如果说有什么不同的话	0
新一届国务院金融稳定发展委员会7月2日成立并召开会议 研究部署打好防范化解重大风险攻坚战等相关工作 专家表示 中国具备防止系统性金融风险爆发的良好宏观环境 有能力 有信心打好这场攻坚战 新华社	7月2日晚 中国政府网放出一条消息 当天 新一届国务院金融稳定发展委员会成立并召开会议 研究部署打好防范化解重大风险攻坚战等相关工作 国务院副总理 金融稳定发展委员会主任刘鹤主持会议	1
锐科激光4日在互动平台表示 国外采购主要集中在欧洲 公司不会受到中美贸易战影响	锐科激光 公司是国内第一家专门从事光纤激光器及核心器件研发并实现规模化生产的企业 在三位国家千人计划专家的技术引领下先后研制生产出100w到10kw的连续光纤激光器产品 打破国外垄断 逐步实现进口替代 驱动公司高速成长 公司2014 17年营收cagr 60 归母净利润cagr 174 净利率29 37 超过ipg 对标全球龙头ipg 公司具备10倍成长空间	0
7月3日 央行继续暂停公开市场操作 omo 当日有1500亿元逆回购到期自然净回笼 不过月初资金面维持宽松态势 市场人士指出 月初资金面扰动因素较少 银行体系流动性总量处于较高水平 央行可能继续暂停公开市场操作 同时资金面大概率保持宽松 中国证券报	中国央行今日净回笼1100亿元中国央行今日不进行公开市场操作 今日有800亿7天 300亿14天逆回购到期	0
7月3日 央行行长易纲对于近期外汇市场出现的波动作出了表态 民生银行首席研究员温彬表示 这对于稳定市场预期有很大帮助 人民币汇率的决定因素主要是宏观经济基本面 今年以来我国经济稳定向好 经济结构也在不断优化升级 温彬还指出 除了关注人民币对美元汇率外 更应关注人民币一篮子货币的汇率指数 更能反映出人民币汇率的基本水平 下一步 人民币仍将在合理均衡水平上双向波动 证券日报	易纲表示 我们将继续实行稳健中性的货币政策 深化汇率市场化改革 运用已有经验和充足的政策工具 发挥好宏观审慎政策的调节作用 保持人民币汇率在合理均衡水平上的基本稳	0
闰土股份4日在互动平台表示 公司目前除江苏三家子公司临时停产外 其他子公司生产经营一切正常 江苏三家子公司还需待整改验收合格后 再等待政府部门通知复产 目前相关工作仍在开展中	浙江闰土股份有限公司 以下简称 闰土股份 今天 7月2日 晚间发布公告称 公司拟通过闰土锦恒 嘉兴 投资合伙企业以自有资金投资分宜川流长枫新材料投资合伙企业 以下简称 合伙企业 或 基金 并签署了 分宜川流长枫新材料投资合伙企业合伙协议	0
51信用卡近日在香港举办正式启动招股认购 本次公开招股将于7月6日结束 并预计将于7月13日在港交所正式挂牌上市 51信用卡全球发售的股份数为1 187亿股 其中香港发售1187 1万股 国际发售1 068亿股 分别占比10 及90 发售价格在8 5至11 5港元之间 公司整体市值在100 89亿港元 136 51亿港元 为新晋fintech独角兽	独角兽51信用卡即将在香港上市 财联社7月4日讯 51信用卡近日在香港举办正式启动招股认购 本次公开招股将于7月6日结束 并预计将于7月13日在港交所正式挂牌上市 51信用卡全球发售的股份数为1 187亿股 其中香港发售1187 1万股 国际发售1 068亿股 分别占比10 及90 发售价格在8 5至11 5港元之间 公司整体市值在100 89亿港元 136 51亿港元 为新晋fintech独角兽	1
圣邦股份4日晚间公告 股东盈富泰克计划减持不超过2 214 837股 即不超过公司总股本的3 64 股东世纪维盛计划减持数量合计不超过2 214 837股 即不超过公司总股本的3 64 股东荣基香港计划减持数量合计不超过 608 658股 即不超过公司总股本的1 00	圣邦股份7月4日晚间公告 公司股东盈富泰克 世纪维盛因基金到期 分别计划减持公司股份不超221 5万股 即总股本3 64 合计7 28 公司股东荣基香港因资金需求 计划减持不超60 9万股 即总股本1	1
阳光城4日晚间公告 2018年7月4日 公司收到中国证券监督管理委员会 以下简称 中国证监会 下发的 关于核准阳光城集团股份有限公司向合格投资者公开发行公司债券的批复 核准公司向合格投资者公开发行面值总额不超过49亿元的公司债券	鸿博股份4日晚间公告 公司收到中国证券监督管理委员会 以下简称 中国证监会 出具的 中国证监会行政许可项目审查一次反馈意见通知书 152796号 以下简称 反馈意见 中国证监会依法对公司提交的重大资产重组申请文件进行查 要求公司就相关问题进行书面说明和解释 并在工作日内向中国证监会行政许可受理部门提交书面回复意见	0
对中国股市来说 需要做好三件事 第一 准确说明贸易战可能带来的影响 减少投资市场的盲从盲动 第二 及时化解金融政策和资本市场政策方面的疑虑和疑点 近期针对整体流动性和股票质押问题 已经释放了明确政策 推出了有效措施 第三 要发挥好已有的机构投资者的作用 沧海横流方显英雄本色 境内机构投资者应该按照价值投资理念 做价值投资典范	对中国股市来说 需要做好三件事 第一 准确说明贸易战可能带来的影响 减少投资市场的盲从盲动 第二 及时化解金融政策和资本市场政策方面的疑虑和疑点 近期针对整体流动性和股票质押问题 已经释放了明确政策 推出了有效措施 第三 要发挥好已有的机构投资者的作用 沧海横流方显英雄本色 境内机构投资者应该按照价值投资理念 做价值投资典范	1
美国10年期基准国债收益率下跌4 02个基点 报2 8309 5月18日曾涨至3 1261 逼近2011年7月8日盘中高位3 1805 两年期美债收益率跌2 43个基点 报2 5242 6月13日曾涨至2 5984 逼近2008年8月6日盘中高位2 6276 和当年7月24日高位2 8309 点 30 5年期美债收益率曲线跌至22 60个基点 创2007年7月份以来最平 令人担忧的是 收益率曲线趋平可能反转 这意味着短期利率将超过长期收益率 通常被视为衰退信号	美债收益率下滑 收益率曲线达到金融危机以来之最 美国10年期基准国债收益率下跌4 02个基点 报2 8309 5月18日曾涨至3 1261 逼近2011年7月8日盘中高位3 1805 两年期美债收益率跌2 43个基点 报2 5242 6月13日曾涨至2 5984 逼近2008年8月6日盘中高位2 6276 和当年7月24日高位2 8309 点 30 5年期美债收益率曲线跌至22 60个基点 创2007年7月份以来最平 令人担忧的是 收益率曲线趋平可能反转 这意味着短期利率将超过长期收益率 通常被视为衰退信号	1
6月25日至7月1日 共有155家上市公司接受机构调研 从调研机构家数来看 共有27家上市公司接受机构调研数量在10家以上 其中 利亚德 158家 华灿光电 140家 宋城演艺 81家 亚太药业 56家 宜安科技 31家 接受机构调研数量排名前五位 具体来看 电子板块的利亚德 华灿光电可谓是上周接受机构调研的 明星 近日两家公司股价持续下跌 其中 利亚德5个交易日 6月19日至6月25日 跌幅达15 32 华灿光电6个交易日 6月15日至6月25日 跌幅达22 8 有的交易日盘中甚至出现跌停 中证报	证券时报股市大数据新媒体 数据宝 统计显示 近10日共有188家公司获机构调研 调研机构类型显示 证券公司调研达157家 占比最多 基金公司调研96家 位列其后 海外机构共对29家上市公司进行走访	0
根据彭博汇编的数据 标普500指数成份股将在未来几个月支付1241亿美元的股息 这将是一个新的季度纪录 派息创新高得益于企业税率下调以及上周美联储公布的压力测试结果 第二季度宣布的派息比上一年度增加12 比2017年相对于2016年的增幅上升了两个百分点 在大型银行向股东返还现金的计划推动下 金融业派息同比增长36 美联储预测 总体而言 金融公司将会把大约95 的利润派发给投资者 这与分析师的估计大体一致	标普500成份股季度派息料创新高 金融机构或拿出95 利润发放股息 根据彭博汇编的数据 标普500指数成份股将在未来几个月支付1241亿美元的股息 这将是一个新的季度纪录 派息创新高得益于企业税率下调以及上周美联储公布的压力测试结果 第二季度宣布的派息比上一年度增加12	1
7月1日 深湛铁路江湛段接入已有的广珠城轨与广深高铁 使得广州 深圳可以直达湛江 同时 通过铁海联运方式 广州 深圳经高铁可直达海口 这意味着粤港澳大湾区将通过高铁网络与铁海联运等方面 将辐射范围扩展至北部湾城市群 同时与海南自贸区 港 相连接 据官方最新透露的消息 粤港澳大湾区发展规划纲要 即将出台 在此背景下 市场人士普遍预计 基础设施互联互通将成为粤港澳大湾区建设的重要内容 21世纪	根据规划 珠西综合交通枢纽江门站将至少汇聚深茂铁路 已合并为深湛铁路 广佛江珠城际 广珠铁路 广珠城际 江恩城际以及江门城市轨道交通线等6条轨道交通线 建成后将达到9站台18条线的规模 是省内仅次于广州南站 深圳北站 佛山西站的第四大轨道交通枢纽	0
开滦股份4日在互动平台表示 目前公司及下属分 子公司正产经营正常 不存在被停产的情况	开滦股份 600997 董秘董秘侯树忠表示 截至目前 公司控股股东开滦集团持有公司股份700 506 665股 其中280 000 000股进行了质押 注 占比约4成	0
今年以来 美股上市公司正在以前所未有的加速度回购自家股票 上半年美国上市公司累计回购了逾6700亿美元股票 回购规模已超过2017年全年创下的5300亿美元纪录 再创历史新高 在回购等多重利好的刺激下 今年以来 美国三大股指不断刷新历史高位 值得关注的是 公司通常会在股价较低时回购股票 而美股今年的大幅回购却发生在股价走高时 对此市场分析人士指出 在看好后市的同时 这也是公司试图提振股价的做法之一 后市要警惕回购带来的流动性和债务风险 并密切关注回购放缓后的美股表现 中国证券报	创纪录回购成美股上涨主要动力 根据市场研究公司trimtabs的数据 美国上市公司二季度宣布了4336亿美元的股票回购规模 几乎是一季度2421亿美元的2倍 今年以来 美股上市公司以前所未有的速度回购自家股票 上半年美国上市公司累计回购了逾6700亿美元股票 回购规模已超过2017年全年创下的5300亿美元纪录 再创历史新高 批评人士指出 企业用于回购股票的资金过高 会侵蚀用来设备升级 投资和增加研发的资源 后者才是长期业绩增长的最终驱动力 美国企业不愿意大规模投资的一大原因或许是近期复杂的贸易局势 降低了企业对美国经济未来的信心 证券时报	0
我们注意到日本 朝日新闻 关于 中国的 报复 行动将先于美国开始 的报道 就此 国务院关税税则委员会有关负责人表示 中国政府立场已多次申明 我们绝不会打第一枪 不会先于美国实施加征关税措施	7月4日下午 国务院关税税则委员会办公室发布声明 郑重否认7月3日日本 朝日新闻 关于 中国的 报复 行动将先于美国开始 的报道 并重申中国决不会打一枪 不会先于美国实施加征关税措施	1
星期六将于2018年07月06日解禁3557 19万股 占总股本比例8 92	鹏元资信将 星期六 的长期债务评级的评级展望列为负面 6月25日 鹏元资信在最新的评级报告中将 星期六股份有限公司 的长期债务评级的评级展望列为负面 评级下调基于 公司品牌门店数量继续下滑 2017年净利润大幅亏损 公司大规模计提存货跌价损失 但仍存在积压减值风险 公司短期刚性债务压力较大	0
从湖北移动公司获悉 经过近一年的建设 中国移动襄阳云计算中心二期工程顺利竣工并投入运行 该中心建设规模近2万平方米 标准服务器机柜达1334个 可提供1万台服务器 8万tb 1tb等于1024gb 存储 10万台云服务器的云计算能力 骨干网出口带宽为4400gb 每秒 是中部地区最大的互联网数据中心 湖北日报	7月3日从湖北移动公司获悉 经过近一年的建设 中国移动襄阳云计算中心二期工程竣工并投入运行 该中心建设规模近2万平方米 标准服务器机柜达1334个 可提供1万台服务器 8万tb 1tb等于1024gb 存储 10万台云服务器的云计算能力 骨干网出口带宽为4400gb 每秒 是中部地区最大的互联网数据中心 襄阳云计算中心是中国移动系统内首批投入使用的区域性数据中心 一期项目建成后 腾讯公司开始在该中心租用出口带宽 开展视频播放和云存储业务 爱奇艺 网宿科技 迅雷等59家知名互联网企业也先后入驻	1
唐山市印发 钢铁 焦化超低排放和燃煤电厂深度减排实施方案 方案要求焦化企业2018年9月底前 钢铁行业2018年10月底前全部达到超低排放水平 限值参照验收标准 通过168小时运行且第三方监测达标 95 以上小时均值排放达标 并完成湿烟气脱白治理改造 凡达不到标准的实施停产整治 10月底前通过验收并稳定达到超低排放标准的钢铁 焦化 燃煤电厂 2019 2020年采暖季免于错峰生产或减少限产时间 钢铁通	唐山 焦化企业9月底前 钢铁行业10月底前全部达到超低排放水平 财联社7月4日讯 唐山市印发 钢铁 焦化超低排放和燃煤电厂深度减排实施方案 方案要求焦化企业2018年9月底前 钢铁行业2018年10月底前全部达到超低排放水平 限值参照验收标准 通过168小时运行且第三方监测达标 95 以上小时均值排放达标 并完成湿烟气脱白治理改造 凡达不到标准的实施停产整治 10月底前通过验收并稳定达到超低排放标准的钢铁 焦化 燃煤电厂 2019 2020年采暖季免于错峰生产或减少限产时间 钢铁通	1
爱奇艺 iq 收涨0 55 哔哩哔哩 bili 收涨3 29 虎牙 huya 跌2 96	中国概念股多数上涨 虎牙直播收涨14 22 财联社6月2日讯 周五中国概念股多数上涨 阿里巴巴 baba n 收涨3 2 百度 bidu o 收涨2 43 虎牙直播 huya n 收涨14 22 爱奇艺 iq o 收涨12 49 格林酒店收涨11 27 橡果国际 atv n 收涨11 25 陌陌 momo o 收涨8 01 猎豹移动 cmcm n 收跌6 32 魔线 moxc o 收跌5 93	0
st锐电4日早间公告 与苏州美恩超导 超导美国 超导奥地利共同签署和解协议 公司将分两笔向苏州美恩超导支付合计等值于5750万美元的人民币	海格通信控股股东近日通过定向资管计划增持2403万股 占公司总股本的1 誉衡药业终止收购瑾呈集团后 交易对方未按承诺时间向公司退还1 8亿元收购保证金及违约金 迪安诊断与美国agena战略合作 推动核酸质谱技术平台与多重dna基因检测诊断方案在中国市场的推广 st锐电与美国超导公司系列诉讼案件签和解协议 公司将向苏州美恩超导支付等值5750万美元的人民币 若协议按期执行 预计将增加公司利润	0
我们仍然认为风险平衡依旧非常偏向于美元兑加元usd cad的上行空间 并相应地调整了我们的预测 美国与加拿大的贸易关系变得更糟 就如同没有太多时间快速达成北美自由贸易协定那样 这种急剧的政策分歧和资本流动突然停止将使美元兑加元迅速升至1 40以上 且我们也看到贸易战言论升级的风险将支持美元兑加元 我们修订的预测认为 第三季度美元兑加元将升至1 37 其在第四季度或会达到1 40	美指跌幅超过0 8 财联社3月22日讯 美元指数下跌77点 跌幅扩大至0 84 刷新日低至89 65 较美联储决议声明发布后的高位下挫60点 美元兑日元下跌0 53 暂报105 98 美元兑加元下跌179点 跌幅1 34 暂报1 2895 全文	0
华夏幸福 600340 将于2018年07月05日召开股东大会 会议审议事项为 1 关于 华夏幸福基业股份有限公司2018年股票期权与限制性股票激励计划 草案 及其摘要的议案2 关于 华夏幸福基业股份有限公司2018年股票期权与限制性股票激励计划实施考核管理办法 的议案3 关于提请股东大会授权董事会办理公司2018年股票期权与限制性股票激励计划相关事宜的议案	华夏幸福基业股份有限公司 以下简称 公司 于2018年6月8日召开第六届董事会第四十三次会议及第六届监事会第十次会议 审议通过了 华夏幸福基业股份有限公司2018年股票期权与限制性股票激励计划 草案 根据中国证券监督管理委员会 上市公司股权激励管理办法 上市公司信息披露管理办法 以及 上海证券交易所股票上市规则 等规范性文件的有关规定 公司针对2018年股票期权与限制性股票激励计划 以下简称 本次激励计划 采取了充分必要的保密措施 并对相关内幕信息知情人进行了登记备案 同时对内幕信息知情人在本次激励计划草案公告前6个月内买卖公司股票的情况进行了自查	1
航天动力4日晚间公告称 公司及子公司 自2018年1月1日至7月3日期间 累计收到各类政府补助合计4 034 250元	巨轮智能7月3日晚间公告称 公司及下属子公司2018年1月1日至2018年6月28日期间累计收到各类政府补助金额合计1 386 31万元	0
中国银行业协会7月3日在雄安发布了 2017中国银行业社会责任报告 中国银行业协会专职副会长潘光伟指出 为实体经济服务是银行业的天职和宗旨 2017年 银行业金融机构紧紧围绕服务实体经济这一重点任务 对实体经济发放的人民币贷款余额为119 03万亿元 同比增长了13 2 为实体经济健康发展提供了有力的资金支持 证券日报	中国网财经7月5日讯 7月2日 中国银行业协会发布 中国银行业客服中心发展报告2017 以下简称 报告 这是中国银行业协会连续第五年发布银行业客服中心发展报告 报告 由中国银行业协会客户服务委员会第二届主任单位中国民生银行牵头 84家成员单位参与撰写 中国银行业协会党委书记 专职副会长潘光伟为报告作序 报告 结合新兴技术的创新领域 深入分析金融客户的服务诉求 详细阐述了2017年银行业客服中心的业务发展 技术创新和团队风貌 旨在引领银行业客服中心适应客户服务工作新形势 持续提升客户服务水平 推动客服中心迈向高质量发展的新时代	0
开滦股份4日在互动平台表示 公司加拿大盖森煤田项目完成了年度资产许可证更新 矿权费缴纳等各项合规性工作 具体完工投产时间尚未确定	近日 河北开滦精煤股份有限公司 以下简称开滦股份 与加拿大德华国际矿业集团公司 以下简称德华公司 在北京签署协议 共同投资设立开滦德华公司 并由该公司对加拿大盖森煤田进行勘探	0
真视通将于2018年07月06日解禁5481 13万股 占总股本比例33 92	股市最新消息 真视通今日解禁1370 283万股_股票内参平台_云财经股票内参平台 了解最新股市动向	0
尽管金价周二从低位强势反弹 但自4月高位以来仍大跌近7 5 由于美元走强 加之贸易战缓和 欧元区经济前景下调以及人民币走软 金价有可能继续下滑 预计金价存在跌至1200美元 盎司的底部风险 而白银近期则可能跌至15 6美元 盎司 但今年晚些时候美元指数dxy和10年期美债收益率料将触顶 这将为金价构成支撑 此外预计今年第四季度美国经济增速将达峰值 预计今年年底金价将为1250美元 盎司 2019年年底为1400美元 盎司	1 央行行长易纲回应外汇市场波动称 主要是受美元走强等因素影响 当前中国经济基本面良好 金融风险总体可控 8月黄金期货实盘价格周二收盘上涨11 8美元 涨幅1 0 报1253 50美元 盎司 伊朗威胁将中断中东海湾地区的石油运输 布伦特原油期货收涨0 75 报77 88美元 桶	0
美国东部时间7月2日 美国商务部发布公告 暂时 部分解除对中兴通讯公司的出口禁售令 公告称 从公告发布之日起至8月1日 在有限条件下解除对中兴通讯公司的出口禁令 目前还不清楚 对中兴的7年禁售令 随后会不会完全解除 央视	智通财经app讯 中兴通讯 00763 发布公告 公司和深圳市中兴康讯电子于2018年7月2日收到美国商务部出口商服务办公室发送的在 美国出口管理条例 第764 3 a 2 条下的有限授权 授权允许自2018年7月2日至8月1日 继续运营现有网络和设备 为现有手机提供支持 网络安全研究与漏洞披露 及有限资金转移	1
温氏股份4日公告 2018年6月销售商品肉猪161 39万头 收入21 56亿元 销售均价11 58元 公斤 环比变动分别为 11 09 1 73 11 67 同比变动分别 为6 23 11 60 15 16	温氏股份 6月销售商品肉猪161 39万头 收入21 56亿元 销售均价11 58元 公斤 环比变动分别为 11 09 1 73 11 67 同比变动分别为6 23 11 60 15 16 相关融资标的 温氏股份 300498	1
鸿博股份4日晚间公告 公司开发的体育彩票安卓终端机成功通过第三方的适配性测试 成为该类产品的合格供应商 暂定的适用范围为超市 便利店等行业渠道	鸿博股份 002229 7月4日晚公告 为满足业务发展 拓宽销售渠道 体彩中心于2017年启动了体育彩票安卓终端机适配性测试工作 目前 经过体彩中心组织的第三方硬件测试 第三方接口测试等程序 公司开发的体育彩票安卓终端机成功通过第三方的适配性测试 成为该类产品的合格供应商 本次测试通过的体育彩票安卓终端机暂定的适用范围为超市 便利店等行业渠道	1
工业和信息化部党组成员 副部长罗文指出 工业和信息化部将抓住一个核心 就是构建汽车智能计算架构 推动电子系统协同控制技术 高带宽信息通信技术等关键技术和高端传感器 智能芯片 控制器等产品发展 形成以汽车智能计算架构为核心的产业生态体系	工信部 构建汽车智能计算架构 财联社7月4日讯 2018中国汽车智能计算平台大会今日在广州召开 工信部副部长罗文指出 下一步将抓住一个核心 就是构建汽车智能计算架构 推动电子系统协同控制技术 高带宽信息通信技术等关键技术和高端传感器 智能芯片 控制器等产品发展 形成以汽车智能计算架构为核心的产业生态体系 上证	1
4日 大同证券同吉8号集合资产管理计划 的产品 确实存在因底层借款人 上市公司东方金钰相关银行账户被冻结 而出现2018年第二季度利息兑付逾期的情况 对此 代销机构陆金所方面负责人表示 该产品涉及上海陆金所基金销售有限公司 陆金所子公司 60位投资人 代销金额共7793万元 相关融券标的 东方金钰 600086 腾讯一线	中国经济网编者按 陆金所代销再次 踩雷 近日 陆金所代销的 大同证券同吉8号集合资产管理计划 出现2018年二季度利息兑付逾期的情况 据悉 该产品涉及陆金所旗下基金销售平台陆基金60位投资人 代销金额共7793万元 上述逾期的资管计划底层资产为上市公司东方金钰的贷款项目 东方金钰目前不能按时付息 据了解主要是和一家小贷公司的合同纠纷有关 部分资产被冻结 导致现金流比较紧张 到期利息无法支付	1
lyft周一宣布 将以2 5亿美元的价格收购纽约citi bikes和旧金山gobikes后的自行车共享公司motivate 但据一位知情人士向cnbc透露 这是在优步放弃这笔交易后发生的 这位知情人士说 优步此前曾考虑过要扩大其不断增长的自行车服务 但出于motivate的工会员工和城市合同的考虑最终放弃了 这一交易本来可以使优步获得更多在单车共享业务上的优势	优步 uber 一直在考虑ipo 但首席执行官dara khosrowshahi 表示 它不可能在2019年之前发生 此外 据知情人士透露 滴滴已加速推进ipo计划 部分原因是其新竞争对手美团正在推进在今年晚些时候上市 知情人士透露 美团的首次公开招股可能对该公司估值约为600亿美元 并预计将在港股和a股上市 报道称 知情人士指出	0
印度商业和工业部发布消息称 该国下调了中国 韩国等5个亚洲国家商品的进口关税 这项减税政策自7月1日起在印度参与的 亚太贸易协定 框架内实行 上周二 中国下调了包括印度 韩国等部分亚太国家产品的进口关税 自7月1日起实行 相比美国对其他国家加征关税 中国与周边国家的贸易往来却要再上一个台阶了 相关公司有望受益 证券时报	印度下调中国等亚洲五国商品进口关税 财联社7月3日讯 俄罗斯卫星网报道 印度商业和工业部发布消息表示 该国下调了中国等5个亚洲国家商品的进口关税 消息称 减税政策共涉及来自韩国 中国 老挝 斯里兰卡和孟加拉国的3142件商品 减税政策7月1日起在印度参与的 亚太贸易协定 效力框架内实行	1
7月3日讯 国务院日前印发 打赢蓝天保卫战三年行动计划 明确了大气污染防治工作的总体思路 基本目标 主要任务和保障措施 提出了打赢蓝天保卫战的时间表和路线图 行动计划 提出六方面任务措施 并明确量化指标和完成时限	国务院印发 打赢蓝天保卫战三年行动计划 财联社7月3日讯 国务院日前印发 打赢蓝天保卫战三年行动计划 明确了大气污染防治工作的总体思路 基本目标 主要任务和保障措施 提出了打赢蓝天保卫战的时间表和路线图 行动计划 提出六方面任务措施 并明确量化指标和完成时限 一是调整优化产业结构 推进产业绿色发展 深化工业污染治理 大力培育绿色环保产业 二是加快调整能源结构 构建清洁低碳高效能源体系 有效推进北方地区清洁取暖 重点区域继续实施煤炭消费总量控制 三是积极调整运输结构 发展绿色交通体系 大幅提升铁路货运比例 四是优化调整用地结构 推进面源污染治理 五是实施重大专项行动 大幅降低污染物排放 六是强化区域联防联控 有效应对重污染天气	1
从上交所公众号获悉 在市场各方的监管 监督 努力之下 a股分红环境在近年得到了大幅改观 上市公司主动分红的意识不断增强 现金分红稳步迈入全面开花阶段 上交所表示 在一个良性发展 健康成长的资本市场中 上市公司按期分红是普遍惯例 是投资者分享股市成长的重要方式 更是衡量上市公司治理 社会责任的重要标准 上市公司通过公开发行股票从投资者手里募得资金 同样通过派发红利来 回馈 股东也是股份公司制度的应有之义 正确的投资收益不仅要体现在股价 更要体现在红利上	上交所 历史分红水平逐年上升 财联社7月4日讯 从上交所公众号获悉 在市场各方的监管 监督 努力之下 a股分红环境在近年得到了大幅改观 上市公司主动分红的意识不断增强 现金分红稳步迈入全面开花阶段 上交所表示 正确的投资收益不仅要体现在股价 更要体现在红利上 2013年至2017年 沪市推出现金分红的公司由674家稳步上升到1134家 派现总金额在这五年间也始终保持在6800亿元左右 维持高位水平	1
提升上海城市能级和核心竞争力的意见全文发布 意见指出 要主动服务 一带一路 建设和长江经济带发展等国家重大战略 在深化自由贸易试验区改革上有新作为 进一步加快金融市场开放 拓展金融市场的广度和深度 进一步做大做强股票 债券 信贷 货币 期货 保险 信托等市场 加快发展金融衍生品市场 充分发挥其价格发现 风险管理等功能 提高原油期货 上海金 等价格信号影响力 打造具有全球影响力的在岸大宗商品定价中心 加快形成全球性人民币产品创新 交易 定价和清算中心 加快发展高端制造 智能制造 聚焦发展物联网 大数据 人工智能 量子通信等新一代信息技术产业 聚焦发展细胞治疗 基因编辑等前沿技术引领的生物医药产业 大力培育新能源 新材料等战略性新兴产业 坚持以自由贸易试验区建设为突破口 建立同国际投资和贸易通行规则相衔接的制度体系	上海 进一步加快金融市场开放 加快发展高端制造等新一代信息技术产业 财联社7月4日讯 提升上海城市能级和核心竞争力的意见全文发布 意见指出 要主动服务 一带一路 建设和长江经济带发展等国家重大战略 在深化自由贸易试验区改革上有新作为 进一步加快金融市场开放 拓展金融市场的广度和深度 进一步做大做强股票 债券 信贷 货币 期货 保险 信托等市场 加快发展金融衍生品市场 充分发挥其价格发现 风险管理等功能 提高原油期货 上海金 等价格信号影响力 打造具有全球影响力的在岸大宗商品定价中心 加快形成全球性人民币产品创新 交易 定价和清算中心 加快发展高端制造 智能制造 聚焦发展物联网 大数据 人工智能 量子通信等新一代信息技术产业 聚焦发展细胞治疗 基因编辑等前沿技术引领的生物医药产业 大力培育新能源 新材料等战略性新兴产业	1
7月2日 新一届国务院金融稳定发展委员会成立并召开会议 研究部署打好防范化解重大风险攻坚战等相关工作 中国证券报认为 这意味着金融监管制度优化更进一步 防范化解重大风险攻坚战纲举目张 在提升服务实体经济能力 防控系统性风险的 纲 上 金融防风险具体行动的 目 更加清晰明确 各类可能引发系统性风险的突出问题将得到精准处置 中国证券报	中国具备打赢防范化解金融风险攻坚战的有利条件 中国现在具备打赢重大风险攻坚战和应对外部风险的诸多有利条件 首先 中国经济正向高质量发展迈进 市场主体韧性强 国内巨大规模市场的回旋空间广阔 其次 早在去年7月召开的全国金融工作会议就提出要把主动防范化解系统性金融风险放在更加重要的位置 科学防范 早识别 早预警 早发现 早处置 着力防范化解重点领域风险 着力完善金融安全防线和风险应急处置机制 21世纪经济报道	1
到目前为止 美国汽车销量在2018年表现强劲 许多最大的汽车销售商在今年前六个月的销量都出现了增长 尽管有预测称需求将会降温 预计今年新车型的销售将受到利率上升和更多选择的影响 但分析师表示 强劲的经济 低失业率和减税使今年上半年的销售保持在接近创纪录的水平 延续了周期性行业的繁荣时期 j d power表示 预计汽车行业今年上半年的销量将略有增长 最终结果将于周二晚些时候公布 其中6月份同比增长2 5 华尔街日报	美国上半年汽车销售接近创纪录水平 财联社7月4日讯 到目前为止 美国汽车销量在2018年表现强劲 许多最大的汽车销售商在今年前六个月的销量都出现了增长 尽管有预测称需求将会降温 预计今年新车型的销售将受到利率上升和更多选择的影响 但分析师表示 强劲的经济 低失业率和减税使今年上半年的销售保持在接近创纪录的水平 延续了周期性行业的繁荣时期 j d power表示 预计汽车行业今年上半年的销量将略有增长 最终结果将于周二晚些时候公布 其中6月份同比增长2 5 华尔街日报	1
作为天津国资委重点推进的混改项目之一 天津农商行酝酿已久的引资大门正式对外敞开 6月29日 天津农商行增资扩股项目在天津产权交易中心挂牌 该行拟引入不超过4家战略投资者 将注册资本由现有的75亿元增至100亿元左右 募资用于补充核心一级资本 对于此次混改 天津农商行预期有助在规模和效益上实现新突破 并择机推进上市进程 每经	作为天津国资委重点推进的混改项目之一 天津农商行酝酿已久的引资大门正式对外敞开 6月29日 天津农商行增资扩股项目在天津产权交易中心挂牌 该行拟引入不超过4家战略投资者 将注册资本由现有的75亿元增至100亿元左右 募资用于补充核心一级资本 对于此次混改 天津农商行预期有助在规模和效益上实现新突破 并择机推进上市进程	1
7月3日 茅台 泸州老窖 郎酒座谈会在四川泸州举行 围绕 加强合作 共谋发展和白酒金三角 等话题 贵州茅台董事长李保芳 泸州老窖董事长张良与郎酒集团董事长汪俊林在会上各抒己见 值得关注的是 这也是继6 3 茅洋会 和6 25茅台 郎酒 习酒 国台 钓鱼台5酒企赤水河行动之后 行业内又一个竞合的标志性事件 而竞合的概念更是深入到大产区领域 背后是包括 泸州 仁怀和宜宾 白酒金三角范围川黔产区的大融合 相关融资标的 泸州老窖 000568 sz 古井贡酒 000596 sz 五粮液 000858 sz 洋河股份 002304 sz 青青稞酒 002646 sz 伊力特 600197 sh 贵州茅台 600519 sh 老白干酒 600559 sh 山西汾酒 600809 sh 今世缘 603369 sh	在行业遇冷的大环境下 郎酒集团内部似乎并不平静 继今年2月郎酒集团闹出用工荒之后 昨日 郎酒集团再爆出停工事件 一线工人因涨工资问题与郎酒集团出现纠纷 昨日 郎酒方面对 第一财经日报 记者表示 已在16日晚研究员工诉求 经向集团公司请示 优化了此前的薪酬调整方向 目前问题已得到妥善解决 郎酒公司生产 经营一切正常 事件缘于6月16日 郎酒集团位于四川古蔺二郎镇生产总部的员工因薪资调整问题发生停工事件 郎酒方面对记者表示 古蔺县二郎镇郎酒厂公司共有员工5000人左右 涉及本次询问沟通加薪事宜的员工约为200 300人 基本以酿造车间工人为主 之所以发生这起薪酬纠纷 其实与郎酒此前进行的一次调薪事件有关 3月1日开始 郎酒厂公司进行了一次基层工人工资薪酬调整 公司对工厂基层员工的薪资加薪幅度达到15 20 郎酒相关负责人对 第一财经日报 记者表示 当初调整方案按最高限600元 月进行调整 涉及人数2500余人 在本次薪酬调整的同时 其生产定额也要作相应调整 但部分工人认为增长的工资实际是用加大劳动强度换取的 工资实际上并未有效上调 并因此表达了不理解及质疑	0
海峡环保7月4日在互动平台表示 2018年公司将新增收购的马尾青洲 快安 长安三家污水厂和江苏大丰 泗阳公司下属污水厂的产能 同时公司下属部分污水厂也将陆续转入商业运营	海峡环保 603817 7月4日在互动平台表示 2018年公司将新增收购的马尾青洲 快安 长安三家污水厂和江苏大丰 泗阳公司下属污水厂的产能 同时公司下属部分污水厂也将陆续转入商业运营 公司还表示 公司与鹏鹞环保合作项目主体工程建设已完工 目前已进入设备调试阶段 该项目由公司控股的福建海环鹏鹞资源开发有限公司负责投资运营 双方将根据在合作公司的持股比例对未来盈利进行分成	0
多家媒体报道 煤炭第一港 秦皇岛港正酝酿煤炭业务搬迁 且其煤炭业务有可能搬迁至曹妃甸港 据悉 该负责人表示 没有听到此类消息 目前没有收到任何官方信息透露给他们要搬迁 另一位在秦皇岛港煤炭业务领域工作多年的人士表示 秦皇岛港煤炭业务庞大 如果真要搬迁 那就意味着至少需要3 4个5000万吨吞吐量的煤炭码头来承接秦皇岛港目前的煤炭业务 而纵观目前我国沿海港口 显然无论是新建还是在原有港口基础上扩建 都是在短期内难以实现的 中国能源报	近期 多家媒体报道 煤炭第一港 秦皇岛港正酝酿煤炭业务搬迁 且其煤炭业务有可能搬迁至曹妃甸港 对此 记者向秦皇岛港宣传部门负责人求证 该负责人表示 没有听到此类消息 目前没有收到任何官方信息透露给他们要搬迁 另一方面 秦皇岛港与大秦铁路相连 借助便利的铁路运输优势 形成了明显的价格优势 而将煤炭业务搬迁 价格优势被弱化 无疑会对市场煤价带来明显波动 此外 秦皇岛港煤炭码头对秦皇岛市的经济发展有重要作用 创造了数千个就业岗位 如果 真要搬迁 那也得10 20年后才能实现 该人士表示	1
国家集成电路创新中心 国家智能传感器创新中心3日在上海正式启动 国家集成电路创新中心瞄准集成电路关键共性技术 着力解决中国集成电路主流技术方向选择和可靠技术来源问题 国家智能传感器创新中心以关键共性技术的研发和中试为目标 专注传感器设计集成技术 先进制造及封测工艺 布局传感器新材料 新工艺 新器件和物联网应用方案等领域	国家集成电路创新中心 国家智能传感器创新中心今日在上海正式启动 国家集成电路创新中心由复旦大学 中芯国际和华虹集团3家单位共同发起 并将逐步吸收更多龙头企业和研究机构 打造国家集成电路共性技术研发平台 分析认为 当前物联网 大数据 人工智能等快速兴起 智能传感器作为重要的信息和数据来源 已经成为各种智能物联体系架构的基础 集成电路产业是信息技术产业的核心 当前 全球集成电路产业正步入颠覆性技术变革时期 中国集成电路产业发展将迎来重大机遇	1
上汽集团4日宣布 公司整体上半年累计销量352万辆 累计同比增长10 88 其中 新能源车继5月突破万辆后 6月销量达13162辆 同比增长456 上半年累计销量4 4万 超过2017年全年销量 相关融资标的 上汽集团 600104	上汽集团 上半年销量增长11 达352万辆 财联社7月4日讯 上汽集团 sh600104 宣布 公司整体上半年累计销量352万辆 累计同比增长10 88 其中 新能源车继5月突破万辆后 6月销量达13162辆 同比增长456 上半年累计销量4 4万 超过2017年全年销量	1
小米计划于2019年进入美国市场 该公司的高级副总裁王翔在周二接受路透社采访时表示 美国市场 非常具有吸引力 该公司正在增派人手 开发兼容美国手机网络的机型版本 路透	财联社7月4日讯 港交所 将于2018年7月9日推出小米期货及期权 小米衍生权证 五家发行商已于6月29日推出合共18只认购权证	0
联化科技4日公告 半年报业绩预期变动幅度由 30 至0 下修至比上年同期下降100 70 预计盈利0万元至5 053 93万元 下调原因为子公司因环保原因停产	联化科技 下调业绩预期 上半年净利预降70 100 21 东方金钰资管产品利息兑付逾期 陆金所代销涉金额七千余万 22 联合信用下调金花集团主体评级至aa 23 惠誉下调刚泰集团评级至b 经济预警消息 1 美国对从中国进口的340亿美元商品自2018年7月6日起实施加征关税 美国政府在6月发布了加征关税的商品清	0
东华软件7月4日晚间上修业绩预告 预计公司2018年上半年净利润3 2亿元 3 8亿元 同比下滑48 38 公司因上年同期出售其所持有的北京东方通科技股权 取得投资收益 导致公司上年同期业绩基数较高 相关融券标的 东华软件 002065	东华软件 002065 点评 2017 年公司处置东方通科技股权 获得3 74 亿元投资收益 剔除投资收益影响 2017 年上半年公司净利润在2 54 亿元左右 因此 公司2018 年上半年实现净利润3 2 亿元 3 8 亿元 扣非净利润同比增长25 50 我们预测 公司半年报利润处于区间中值水平 公司上修业绩预告的主要原因是医疗金融业务订单持续增长 项目落地速度超出预期 同时公司研发投入在营收的占比连续三年达到10 以上 累计投入金额近30 亿 其产品竞争力厚积薄发逐渐体现	0
据外媒报道 德国总理默克尔周三在德国议会上表示 美国计划中的汽车进口关税带来的危害可能比钢铝关税要严重得多 为了避免与美国爆发贸易战 欧盟将尽一切努力 但美国需要加入这一努力 默克尔指出 在促进经济增长上 进行合作会更有效率 这一点在解决金融危机上已经得到体现	默克尔 汽车关税要比钢铁关税危害大 财联社7月4日讯 据外媒报道 德国总理默克尔周三在德国议会上表示 美国计划中的汽车进口关税带来的危害可能比钢铝关税要严重得多 为了避免与美国爆发贸易战 欧盟将尽一切努力 但美国需要加入这一努力 默克尔指出 在促进经济增长上 进行合作会更有效率 这一点在解决金融危机上已经得到体现	1
海兴电力4日在互动平台表示 公司在巴西的订单主要是以巴西雷亚尔结算为主 同时 公司根据应收款一定比例进行了远期锁定汇率 以降低汇率波动的风险	同花顺 300033 财经讯 5月8日 海兴电力 603556 在投资者关系互动平台上表示 年新增650万只智能仪表项目正在建设中 巴西项目已处于试运行阶段 项目投资完成时 公司会进行确认公告	0
wti原油周二盘中突破75美元 桶 为2014年以来首次 因此前伊朗似乎威胁说 若美国继续对伊制裁 伊朗将中断中东海湾地区的石油运输 但油价随后迅速回撤至73美元 桶下方 研究公司tradition energy副主席mcgillian称 油价跳水可能是因为有交易员认为供应中断的说法言过其实 同时也可能是要赶在周三美国独立日休市前获利平仓 促使油价走低	2 美国6月29日当周api原油库存 450万桶 创2016年9月份以来最大单周降幅 美国6月29日当周api原油库存 450万桶 前美国wti原油8月期货周二 7月3日 收涨0 25美元 或0 34 报74 14美元 桶 布伦特原油9月期货周五收涨0 16美元 或0 21 报77 76美元 桶 值 922 8万桶 创2016年9月份以来最大单周降幅	0
近日 广东省发改委发布了 关于我省新能源汽车用电价格有关问题的通知 通知指出 全省各类已安装独立电表的电动汽车充电设施用电均免收基本电费 各地级以上市价格主管部门制定的各类电动汽车充电服务费标准上限 最高不得超过每千瓦时0 8元 原上限低于0 8元的地方可继续执行原有政策及标准	东省发改委发布了 关于我省新能源汽车用电价格有关问题的通知 通知指出 全省各类已安装独立电表的电动汽车充电设施用电均免收基本电费 各地级以上市价格主管部门制定的各类电动汽车充电服务费标准上限 最高不得超过每千瓦时	1
真视通将于2018年07月06日解禁5481 13万股 占总股本比例33 92 相关个股 真视通 002771	真视通将于2018 07 06日解禁1370 28万股 解禁市值为2 1亿元 解禁股份占总股本8 48 解禁股份占流通股17 6 该解禁股属于新股首发类型 发行价为12 78元	0
统计局称 企业数量由于企业经营状况的变化总是在变动中 有新建的 有注销的 有合并的 还有规模变大进入2000万元统计门槛的 也有规模变小退出2000万元门槛的 因此 工业统计的企业数量是在变动的 过去一年 由于多种原因 规上工业企业数量是减少的 从相关部门数据看 1 5月份国有企业利润总额同比增长20 9 一季度a股非金融企业净利润增速为23 6 工业利润增速与这些数据是匹配的 趋势一致	日前 国家统计局发布了2018年1 5月份全国规模以上工业企业利润数据 社会各界较为关注 就如何看待这一数据等问题 国家统计局新闻发言人毛盛勇接受了记者采访	0
一年已过半 非金融企业信用债发行在2018年上半年整体回暖 wind数据显示 2018年上年 非金融企业信用债总计发行数量为3041只 总规模为3 14万亿元 较2017年同期同比增长了43 4 但与2016年上半年的4 48万亿相比 则尚有差距 中信证券信用研究员吕品认为 今年信用债发行的回暖是在债市整体回暖的背景下发生的 但结构的差别凸显了信用风险与市场风险偏好的嬗变 分拆结构看 信用债发行回暖更多是aaa等级的回暖 中低等级品种的发行仍然困难重重 21世纪经济报道	导读 债市动荡对企业债务融资的负面影响还在持续显现 据不完全统计 10月以来 已有逾1000亿企业信用类债券取消或推迟发行 近期市场利率异常波动 不仅影响了债市融资功能的正常发挥 提升了企业融资成本 而且增加了信用风险暴露的几率 亦给初显企稳姿态的经济带来挑战 发债困难 利率飙升 不光可能妨碍经济企稳	0
今年以来 第三方支付行业强监管态势仍在延续 据统计 今年上半年国内的第三方支付机构共收到34张行政处罚 包括拉卡拉 通联支付 钱袋宝等30家机构 被累计罚款金额超过4500万元 其中 中汇电子支付有限公司 易生支付有限公司均遭到央行处罚3次 通联支付网络服务股份有限公司遭央行处罚2次 证券日报	针对证券公司在日常监管中出现的涉嫌违法违规行为 证监会及其派出机构已对27家券商开出34份行政处罚决定书或自律监管文件 今年以来 证监会进一步强化了证券公司的现场检查力度 记者了解到 34张罚单中 内控不当与投行业务违规各占一半 暴露出这些券商合规管理意识薄弱	0
据香港信报 惠誉首席经济师brian coulton发表报告称 如果特朗普坚持与其他国家持续爆发贸易争端 可能导致全球经济损失最多2万亿美元 美国研究开征汽车进口税 增加中国进口货征税类别 以及对其他国家启动报复性关税措施等行动有激化趋势 以致整体贸易活动受到冲击 如果美国真的退出北美自由贸易协定 nafta 全球贸易格局更会受到重大打击 除了全球经济受损外 他表示 贸易战恶化 美国进口货价可能突然急升35 至40 令到当地生产总值减少0 5个百分点	贸易战或令全球经济损失2万亿美元 惠誉首席经济师brian coulton发表报告称 如果特朗普坚持与其他国家持续爆发贸易争端 可能导致全球经济损失最多2万亿美元 美国研究开征汽车进口税 增加中国进口货征税类别 以及对其他国家启动报复性关税措施等行动有激化趋势 以致整体贸易活动受到冲击	1
中国现在具备打赢重大风险攻坚战和应对外部风险的诸多有利条件 首先 中国经济正向高质量发展迈进 市场主体韧性强 国内巨大规模市场的回旋空间广阔 其次 早在去年7月召开的全国金融工作会议就提出要把主动防范化解系统性金融风险放在更加重要的位置 科学防范 早识别 早预警 早发现 早处置 着力防范化解重点领域风险 着力完善金融安全防线和风险应急处置机制 21世纪经济报道	据报道 会议认为 党的十九大以来 金融系统团结协作 坚持稳中求进 坚持底线思维 监管体系建设和金融风险处置取得积极成效 结构性去杠杆有序推进 高风险金融业务收缩 一些机构野蛮扩张行为收敛 金融乱象得到初步遏制 市场约束逐步增强 市场主体心理预期出现积极变化 审慎经营理念得到强化 金融运行整体稳健	0
柯达 kodk 收跌3 90 埃森哲 acn 收涨0 07 overstock com ostk 收涨8 98 riot blockchain riot 收跌2 04 marathon patent mara 收跌1 57 sqare sq 收跌2 20 seven stars cloud ssc 收涨9 86	美股7月开门红 科技股普涨 美股低开高走 实现7月开门红 标普500指数收盘上涨8 34点 涨幅0 31 报2726 71点 纳斯达克指数上涨57 40点 涨幅0 76 报7567 69点 道琼斯指数上涨35 80点 涨幅0 15 报24307 18点 科技股普遍收涨 美光科技 推特 英伟达和甲骨文涨幅居前	0
国务院发展研究中心研究员任兴洲表示 楼市调控政策要立足当下 更应着手长远 包括土地的 金融的 税收的 还有信息的各个方面 以及其他改革和房地产之间的关系等 央广财经评论员王冠则认为 眼下调控进入深水区 期待长效机制综合治理 这就涉及到正在进行中的个税调整 还有地方财政的问题 地方财政如何更好的开源问题 房地产不仅仅是盖多少房子再把它卖出去那么简单 另一方面也呼唤全社会如何能够更好的形成合力 使得调控不断落地 央视财经	今年以来 在中央 房住不炒 的调控精神指导下 多地因城施策 分类调控政策频出 特别是近一段时间 部分城市楼市出现过热苗头 投机炒作有所抬头 引起了中央政府的高度重视 在住建部及时约谈了12个城市 再次重申调控力度不放松并出台6大调控措施后 多地调控再次密集加码 进一步封堵炒房 漏洞	0
棕榈股份7月4日晚间公告 公司中标 鼎湖区321国道沿线绿化大提升工程项目 设计施工总承包 中标总价为1 34亿元	东方园林 中标34 98亿ppp项目 公司收到中标通知书 确认中标南召县黄鸭河流域治理及县域生态环境建设ppp项目 项目总投资34 98亿元	0
转眼2018年已经过半 国内电影市场数据不断刷新纪录 上半年国内票房总收入320亿元 同比增长17 8 最显著的特点是 国产电影崛起 上半年国产影片票房为189 65亿元 同比增长80 1 在票房收入top10排行榜中 国产电影占比达到六成 证券日报	2018年已经过去一半 中国电影市场成绩单近日出炉 根据国家电影局的数据 截至2018年6月30日 今年上半年中国电影票房为320 31亿元 同比增长17 82 总人次为9 01亿 同比增长15 34 记者在这份成绩单中发现 山东的票房为13 68亿元 观影人次达到4047 9万 全国排名第八位 与2017年持平	0
海顺新材4日晚间公告 首次公开发行募投项目 苏州海顺年产4500吨新型药用包装材料项目 及 多凌药包年产1500吨新型药用包装材料项目 完成食药监总局原料药 药用辅料和药包材登记备案 已达到预定可使用状态 并可正常投入使用	海顺新材 300501 ai决策 5月21日晚间公告称 公司2017年年度权益分派方案为 以公司现有总股本67 258 800股为基数 向全体股东每10股派5元人民币现金 同时 以资本公积金向全体股东每10股转增5股 分红前本公司总股本为67 258 800股 分红后总股本增至100 888 200股	0
中国人民银行货币政策委员会委员刘世锦指出 去杠杆初见成效 我国进入稳杠杆阶段 过去一个时期我国杠杆率增长较快 与我国储蓄主体与投资主体不匹配 权益融资比重偏低 货币化进程和金融深化较快 国有企业和平台公司曾一定程度上承担政府职能等因素有关 随着我国经济进入高质量发展阶段 上述推升杠杆率的因素正在出现重要变化 上证报	央行货币政策委员会委员刘世锦 结构性去杠杆有序推进 财联社7月4日讯 人民银行货币政策委员会委员刘世锦指出 去杠杆初见成效 我国进入稳杠杆阶段 在总杠杆率得到有效控制的同时 杠杆结构也呈现优化态势 刘世锦预计 未来我国杠杆率将总体趋稳 推升杠杆率的因素正在出现重要变化 一是由高速增长转向高质量发展 二是我国商品和要素领域的货币化程度已经较高 伴随着人口老年化的到来 城镇化进程趋缓 货币化过程也将减速 在杠杆率上会有所显现 三是金融监管加强 金融市场逐步完善 影子银行等导致杠杆率上升的状况将会有较大改变 四是地方政府债务约束加强 特别是对地方政府隐形债务的清理 整顿和规范力度加大 五是去产能取得重要进展 供求缺口收缩 企业盈利能力和可持续性增强 在上述因素的共同作用下 未来我国杠杆率将总体趋稳 并逐步有序降低 刘世锦指出 上证报	0
跨境区域协调是粤港澳大湾区的核心困境 7月2日 在2018粤港澳大湾区研究成果发布会上 中山大学地理科学与规划学院教授刘云刚认为 这也是粤港澳大湾区不同于世界其他湾区的最大特色 对此 中山大学粤港澳发展研究院首席专家 副院长陈广汉建议 粤港澳大湾区的建设 要创新区域合作的体制机制 基于粤港澳大湾区内部存在制度上的独特性 中央政府在粤港澳大湾区的建设中 需要扮演重要的角色 每经网	新华社 粤港澳大湾区战略催生珠三角经济新气质 财联社7月3日讯 新华社今日发表文章指出 正在崛起的粤港澳大湾区 不仅将重塑世界经济版图 还催生了珠三角地区经济新气质 亚投行行长金立群等专家认为 粤港澳大湾区是继纽约湾区 旧金山湾区 东京湾区之后的世界第四大湾区 将为世界提供新的增长极和动力源 随着粤港澳大湾区逐渐成为经济新引擎 一个辐射东中西部地区 更大更包容更国际化的开放平台将日益显现	1
因提早收市的美国股市下滑 引发对美国国债的避险买需 令收益率曲线处于近十一年来最平水准 交易商和分析师表示 对全球贸易战全面爆发的担忧引发投资者押注 全球经济增长和通胀放缓 这意味着即使美联储提高短期利率 但美国长债收益率将不会大幅上涨 当前对国债的避险需求缩窄了短期和长期国债收益率之间的差距 一些投资者担心 短债收益率可能高于长债收益率 这现象被称为收益率曲线倒挂 发生在过去五次美国经济衰退之前的大约12至18个月 路透	美债收益率周二下滑 美债避险需求提升 因提早收市的美国股市下滑 引发对美国国债的避险买需 令收益率曲线处于近十一年来最平水准 交易商和分析师表示 对全球贸易战全面爆发的担忧引发投资者押注 全球经济增长和通胀放缓 这意味着即使美联储提高短期利率 但美国长债收益率将不会大幅上涨 当前对国债的避险需求缩窄了短期和长期国债收益率之间的差距 一些投资者担心 短债收益率可能高于长债收益率 这现象被称为收益率曲线倒挂 发生在过去五次美国经济衰退之前的大约12至18个月 路透	1
美国东部时间7月2日 美国商务部发布公告 暂时 部分解除对中兴通讯公司的出口禁售令 公告称 从公告发布之日起至8月1日 在有限条件下解除对中兴通讯公司的出口禁令 目前还不清楚 对中兴的7年禁售令 随后会不会完全解除 相关融券标的 中兴通讯 000063 央视	中国网新闻7月5日讯 记者 魏婧 针对中美贸易摩擦 商务部新闻发言人高峰今日在例行新闻发布会上表示 美方近日再次威胁 要对中方全部5000亿美元输美产品征税 不仅如此 美国对其他国家和地区的贸易伙伴也发出了类似威胁 这种举着关税大棒四处要挟的贸易霸凌主义 是逆时代潮流的 他强调 中国既不会在威胁和讹诈面前低头 也不会动摇捍卫全球自由贸易和多边体制的决心	0
尽管近期市场整体走势不甚理想 但涨停个股数量却不减反增 过去8个交易日中 沪深两市日均涨停板家数达62家 在此之前 两市今年以来的日均涨停家数仅为44家 梳理发现 活跃资金紧紧围绕三条热点主线 第一条主线是新能源汽车板块 目前表现为领涨龙头的轮动接力 第二条主线是前期超跌股 其中以部分前期闪崩股的表现最为突出 第三条主线是汇率波动受益概念 这些公司最大特征就是出口收入占比较高 上海证券报	2018年上半年 利率债收益率曲线陡峭化下行 信用债收益率整体下行 但信用利差分化较为明显 展望下半年 经济基本面和货币政策态势对债券市场走势形成了支撑 但在当前整体信用收缩环境下 应该更加注重信用风险的控制	0
京能置业4日晚间公告 2018年1 6月 公司累计实现签约面积5 41万平方米 同比减少33 94 实现签约金额4 14亿元 同比减少33 97	京能置业称报告期内 公司无新增房地产储备土地面积 无竣工面积 复工 面积为25 93万平方米 同比减少29 67	0
人福医药4日公告 氨酚羟考酮片获美国fda批文	7月4日晚间 人福医药发布公告称 全资子公司epic pharma近日收到美国食品药品监督管理局 fda 关于氨酚羟考酮片的批准文号	1
杰恩设计4日在互动平台表示 公司控股股东 实际控制人及持股5 以上的股东均不存在质押的情况	e公司讯 4月17日 杰恩设计 300668 在互动平台表示 公司系国内知名建筑室内设计方案及技术服务提供商 业务范围遍及全国 目前公司在雄安 海南均有业务	0
对于实现交易分仓问题 潘功胜表示 外汇交易中心前期做了大量工作 系统开发也已经完成 预计7月中旬可以正式上线 在交易平台方面 潘功胜透露 人民银行正在积极推进与其他国际主流电子交易平台的合作准备工作 前期已经做了大量技术准备 希望早日实施 据了解 接下来有望接入的是彭博交易平台 彭博方面表示 过去一段时间已经为连接债券通做了大量准备工作 并期盼尽快启动 上证报	外汇交易中心宣布 从7月3日起新增10家债券通报价机构 包括摩根大通中国 瑞穗中国 美银中国 民生银行 广发银行 浙商银行 南京银行 平安证券 中信建投及招商证券	0
耐威科技4日在互动平台表示 公司暂不考虑以可转债的方式募集资金	耐威科技正式成为百度apollo计划硬件开发平台合作伙伴 公司将在百度apollo面向量产的过程中 提供主可控的高精度组合导航系统及其他产品	0
据techcrunch报道 打车巨头uber今日官方宣布 在芬兰市场停止主营业务一年后 现在重新推出服务 美港获悉 一年前 芬兰公布收紧计程车法案限制 但最近放宽了管制 大部分的修改在7月1日正式生效 uber表示公司一直在等待芬兰移除计程车准可证上限以及价格限制 芬兰政府表示此举旨在将规则现代化 有效地提高新技术 数字化以及新企业概念的执行	格隆汇4日讯 据techcrunch报道 打车巨头uber今日官方宣布 在芬兰市场停止主营业务一年后 现在重新推出服务 美港获悉 一年前 芬兰公布收紧计程车法案限制 但最近放宽了管制 大部分的修改在7月1日正式生效 uber表示公司一直在等待芬兰移除计程车准可证上限以及价格限制 芬兰政府表示此举旨在将规则现代化 有效地提高新技术 数字化以及新企业概念的执行	1
从山西省质监局获悉 山西将充分发挥质监部门技术优势和监管职能 把好市场准入环保关 建立环保失信企业联合惩戒机制等 对严重环保违法失信企业实行市场禁入制度 予以限制或禁入 此外 山西省质监局将围绕环保相关产品 开展专项执法打假活动 以车用汽柴油 车用尿素 商品煤为重点 严厉打击质量违法行为 始终保持执法打假高压态势 新华网	山西将对严重环保违法失信企业实行市场禁入制度 财联社7月4日讯 从山西省质监局获悉 山西将充分发挥质监部门技术优势和监管职能 把好市场准入环保关 建立环保失信企业联合惩戒机制等 对严重环保违法失信企业实行市场禁入制度 予以限制或禁入 此外 山西省质监局将围绕环保相关产品 开展专项执法打假活动 以车用汽柴油 车用尿素 商品煤为重点 严厉打击质量违法行为 始终保持执法打假高压态势 新华网	1
近期 随着棚改融资收紧的消息流出 关于棚改货币化对住房市场影响的讨论也异常热烈 有观点认为 棚改货币化带来的巨大被动性住房需求及注入居民部门的流动性 是新一轮住房价格上涨尤其是三四线城市房价上涨的重要驱动力 对此 西南财经大学中国家庭金融调查与研究中心主任甘犁表示 棚改货币化对住房市场影响有限 投资性住房需求才是驱动房价迅速上涨的重要因素 特别是在当前多套房比例居高的情况下 应该继续坚持棚改货币化安置 而相对于 一刀切 的实物安置 货币化安置让棚改家庭能更自由地使用补偿金 甚至利用补偿金促进社会经济健康发展 证券日报	围绕棚改货币化在实施过程中 走样 的争议 也是本次棚改资金收紧消息快速发酵的推手 不少业内人士认为 棚改货币化已经有了退潮的信号 市场中甚至出现了 棚改货币化将叫停 的猜测 不过在中原地产首席分析师张大伟看来 棚改不货币化安置的难度还是很大 各地积极性也会降低 像最初几年大部分城市实物化安置一样 面临土地供给等压力 令棚改推进速度再次慢下来 易居智库市场总监严跃进也认为 棚改货币化安置本身没有问题 是安置后的资金流动相关监管较少 未来可以理解为此类货币化安置的节奏会放缓 资金发放会更加规范	0
美芝股份4日公告 公司为深圳建行大厦非公共区域精装修设计施工一体化和幕墙工程项目的中标候选人 投标报价328 489 376 13 元	美芝股份 拟收购建元建设51 股权 明起停牌 财联社6月4日讯 美芝股份晚间公告 公司正筹划重大资产重组 拟收购建元建设发展有限公司51 股权 并签署了 购买资产意向协议 公司股票6月5日起停牌	0
截至今年6月底 有多家保险公司获得了 以房养老 保险试点资格 但只有幸福人寿开展了业务 共有98户家庭139位老人完成承保手续 银保监会有关部门负责人说 将认真总结试点经验 加强与相关部委的沟通协调 推动完善配套政策 探索业务经营规律 逐步建立规范有序的住房反向抵押养老保险市场 鼓励更多保险公司参与 扩大和优化保险产品供给 让更多老年人受益 新华社	以房养老 保险遇冷 银保监会 推动完善配套政策 财联社7月4日讯 截至今年6月底 有多家保险公司获得了 以房养老 保险试点资格 但只有幸福人寿开展了业务 共有98户家庭139位老人完成承保手续 银保监会有关部门负责人说 将认真总结试点经验 加强与相关部委的沟通协调 推动完善配套政策 探索业务经营规律 逐步建立规范有序的住房反向抵押养老保险市场 鼓励更多保险公司参与 扩大和优化保险产品供给 让更多老年人受益 新华社	1
通威股份7月4日在互动平台表示 公司在产线上做出来的最高单晶perc电池转换效率已经超过了22 1 在22 1 22 2 之间 量产的平均入库效率今年上半年是21 33	2018年7月5日 通威股份高级管理人员袁仕华以成交均价6 2元增持3万股 共计18 60万元 变动后持股数为69 50万股	0
香港恒生指数收盘跌1 06 至28241 67点 腾讯控股跌2 00 石药集团跌8 21 碧桂园跌5 78 融创中国跌5 39 飞笛资讯	上周五美股收市向下 油价金价齐升 美元微涨 港股adr受压 伦敦金属基本上涨 就目前而言 外围局势动荡 投资者需保持谨慎 今日开盘 港股恒生指数高开0 13 随后下跌 一度跌2 截至收盘 恒指跌1 6 报30315 59点 国企指数跌2 06 报12008 13点 红筹指数跌1 01 报4446 02点 大市成交1076 47亿港元 沪港通资金流向方面 沪股通净流入13 95亿 港股通 沪 净流出为10 81亿 深港通资金流向方面 深股通净流入13 23亿 港股通 深 净流入为0 23亿	0
据国际清算银行的数据显示 欧洲各银行在其资产负债表上隐藏了数千亿美元的高风险交易 仅在报告日期前几天将其转移 同样的问题不会发生在英国或美国的银行身上 因为它们有更好的设计规则 但自从欧洲引入新的 结构糟糕的规则以来 这个问题变得越来越严重 欧洲的银行在报告日期之间增加了在货币市场上的借款 把这些钱在短期内借出以快速获利 在本季度末和年底 当必须拿出自己敞口的快照时 它们就会关闭交易 使它们向欧洲监管机构报告的杠杆水平低于实际水平	6月24日 有 央行的央行 之称的国际清算银行 bis 趁着周末 发布了一份重磅年度报告 在报告中 国际清算银行警告称 多家银行可能采用了雷曼兄弟当年用过的招数来掩盖庞大的对外借款 财务报表中的许多内容确实是被粉饰过的 这对于全球的投资者以及央行行长来说是个让人忧虑的信号 雷曼兄弟倒闭带来的资本巨痛已经十年 而各国央行对于 这种老招 依旧没有什么好的应对方法 这是百年一遇的金融危机 原美联储主席格林斯潘在雷曼兄弟倒下后的呐喊言犹在耳 但国际市场上虚加杠杆与粉饰财报的行为 已开始故伎重演 甚至变得司空见惯起来	1
据了解 近期养老目标基金正在加速申报注册 6月的最后一周内有5只养老目标基金进行了申报 有业内人士透露 7月底将会有第一批养老目标基金获得批复 这些获得批复的基金 应该是监管层从产品丰富度 投研能力 市场规模 销售能力等方面综合衡量的结果 上证报	据了解 近期养老目标基金正在加速申报注册 6月的最后一周内有5只养老目标基金进行了申报 有业内人士透露 7月底将会有第一批养老目标基金获得批复 这些获得批复的基金 应该是监管层从产品丰富度 投研能力 市场规模 销售能力等方面综合衡量的结果	1
统计上半年券商资管集合和公募产品的业绩情况发现 债券型产品表现稳健 而大多数公募基金的收益还不如货币基金 股票型公募基金整体平均收益只有 11 03 截至今年上半年 券商资管共发行了99只公募基金产品 总规模超过1930 96亿元 券商中国	券商中国记者统计上半年券商资管集合和公募产品的业绩情况发现 债券型产品表现稳健 而大多数公募基金的收益还不如货币基金 股票型公募基金整体平均收益只有 11 03 此外 随着资管新规的落地和大资管行业的整体发展 公募基金业务已经成为券商资管重要的发力点之一 wind数据显示 13家具备公募基金资格的券商中 已有11家证券公司或券商资管子公司发行了公募基金产品 截至今年上半年 券商资管共发行了99只公募基金产品 总规模超过1930 96亿元	1
6月以来 上市公司股东正在积极降低股票质押潜在风险 据统计 6月以来 共有452家公司发布了股东的解除质押公告 合计对185 52亿股解除了质押 估算涉及市值达到2119 58亿元 其中有34 39 的解除质押是提前购回	6月以来 共有452家公司发布了股东的解除质押公告 合计对185 52亿股解除了质押 估算涉及市值达到2119 58亿元 其中有34 39 的解除质押是提前购回	1
广州港7月4日晚间公告 2018年6月份 公司预计完成集装箱吞吐量159 6万标准箱 同比增长6 1 预计完成货物吞吐量4023 9万吨 同比增长8 6	广州港 601228 华南地区最大的综合性主枢纽港 拟16 65亿元投建广州南沙国际物流中心项目	0
微信支付官方sdk存在严重漏洞 腾讯回应称已修复 现在 腾讯进一步回复称 事实上 该漏洞为常见漏洞 只要在程序接收到xml数据进行解析之前 调用相关的函数关闭xml语言的上述特性即可有效防范和解决 目前已经启动商户的安全提示 提示商户主动排查其自建系统是否存在该漏洞 并给出修复指引进行协助 腾讯还表示 此次问题服务器端sdk的实际影响范围不大 完全可控	7月4日消息 据相关媒体报道 近日有网友在国外的安全社区上爆料称 微信支付的官方sdk 软件工具开发包 中存在严重的漏洞 并放出了如何利用漏洞买买买的截图 而据最新消息显示 腾讯方面日前也对此作出了回应	0
麦捷科技7月4日晚间公告称 根据深圳市发展和改革委员会发布的 市发展改革委战略性新兴产业和未来产业发展专项资金2018年第一批扶持计划项目公示 公司的 超小型一体成型电感元器件产业化 项目获得了以 贷款贴息 为资助方式的438万元发展专项资金	6月26日麦捷科技 300319 公告信息显示 新疆动能东方股权投资有限公司于2018年06月26日将其持有的2000 0000万股股份质押给上海润良泰物联网科技合伙企业 有限合伙 据了解 此次质押目的为融资	0
同益股份7月4日晚间公告称 公司近日以银行收款的方式 获得深圳市宝安区经济促进局2018年度第一批宝安区企业上市补贴项目资金370万元人民币 占公司2017年度经审计归属于上市公司股东净利润的20 07	2018年6月1日 光伏行业受到一个大大的 礼物 国家发展改革委 财政部 国家能源局联合印发了 关于2018年光伏发电有关事项的通知 文件指出自发文之日起 光伏发电的补贴标准均下调0 05元 千瓦时 即全额上网从0 75 0 65 0 55下调至0 7 0 6 0 5 分布式补贴标准由0 37元 千瓦时下调为0 32元 千瓦时 同时通知明确指出 今年暂不安排需要国家补贴的普通光伏电站建设	0
誉衡药业4日早间公告 交易对方未按承诺时间退还18000万元的收购保证金 资金占用费及违约金	7月3日 誉衡药业发布公告 截至6月30日 一笔总额为1 8亿元的收购保证金未能如约收回	1
7月3日 茅台 泸州老窖 郎酒座谈会在四川泸州举行 围绕 加强合作 共谋发展和白酒金三角 等话题 贵州茅台董事长李保芳 泸州老窖董事长张良与郎酒集团董事长汪俊林在会上各抒己见 值得关注的是 这也是继6 3 茅洋会 和6 25茅台 郎酒 习酒 国台 钓鱼台5酒企赤水河行动之后 行业内又一个竞合的标志性事件 而竞合的概念更是深入到大产区领域 背后是包括 泸州 仁怀和宜宾 白酒金三角范围川黔产区的大融合	7月3日 茅台 泸州老窖 郎酒座谈会在四川泸州举行 围绕 加强合作 共谋发展和白酒金三角 等话题 贵州茅台董事长李保芳 泸州老窖董事长张良与郎酒集团董事长汪俊林在会上各抒己见 值得关注的是 这也是继6 3 茅洋会 和6 25茅台 郎酒 习酒 国台 钓鱼台5酒企赤水河行动之后 行业内又一个竞合的标志性事件 而竞合的概念更是深入到大产区领域 背后是包括 泸州 仁怀和宜宾 白酒金三角范围川黔产区的大融合 相关融资标的 泸州老窖 000568 sz 古井贡酒 000596 sz 五粮液 000858 sz 洋河股份 002304 sz 青青稞酒 002646 sz 伊力特 600197 sh 贵州茅台 600519 sh 老白干酒 600559 sh 山西汾酒 600809 sh 今世缘 603369 sh	1
根据中国养猪网猪价系统检测数据显示 今日7月4日全国生猪 外三元 均价为11 50元 公斤 较昨日上涨0 08元 公斤 今日全国多地出现上涨迹象 据悉目前各大养殖场压栏挺价意愿较为明显 此次上涨的主要原因可能就是大场人为提价 数据显示东北 华北的温氏集团 正邦集团价格上调明显	9省猪价齐上涨 广东温氏出栏调至6元 斤 财联社7月5日讯 据新牧网监测 2018年7月3日新牧猪价指数93 93 较昨日升高0 63个点 今日全国生猪均价为5 72元 斤 较昨日上调0 04元 斤 较上周同期上涨0 03元 斤 上涨幅度为0 52 近日各产区生猪供应进一步减少 部分地区极端天气推高猪价	0
4日下午在京举行的 第二届国际城市可持续发展高层论坛暨首届博览会 新闻发布会宣布 中国城市和小城镇改革发展中心将与联合国人居署在2018年8月1日至3日共同在成都主办 第二届国际城市可持续发展高层论坛 中新网	中国日报7月5日电 第二届国际城市可持续发展高层论坛暨首届博览会新闻发布会于7月4日在京举办 联合国人居署国家官员应盛 国家发展改革委城市和小城镇改革发展中心副主任邱爱军 成都市人民政府副秘书长高建军出席新闻发布会 就论坛预期成果 活动亮点 整体筹备进度等情况进行说明 本次论坛将通过联合国的平台 为城市 企业提供项目资源和市场机遇	0
新一届国务院金融稳定发展委员会成立并召开会议 会议强调 完全具备打赢重大风险攻坚战和应对外部风险的诸多有利条件 对此充满信心 这传递金稳委对基本面的一个判断 也是一如既往的态度 有信心 不要怕 我国经济发展基本面仍然强劲 这是打赢金融重大风险攻坚战的强大支撑 今后 金稳委将 定期召开全体会议 不定期召开有针对性的专题会议 统筹研究协调金融领域相关事项 困扰当前经济的不少风险问题极有可能被定向爆破 逐一排查 亮相的7个协作单位或许更触动敏感神经 中纪委 中组部 中宣部 网信办 公安部 司法部 最高法 这些财金系统之外的部门 横跨党政两大系统 说明这一届金稳委虽然还是国务院序列机构 但协调范围已经超出了国务院 说明在金融稳定和发展领域 高层已不再是条块管理思维 而是党政协同发力 人民日报旗下 侠客岛	新一届国务院金融稳定发展委员会成立并召开会议 会议强调 完全具备打赢重大风险攻坚战和应对外部风险的诸多有利条件 对此充满信心 这传递金稳委对基本面的一个判断 也是一如既往的态度 有信心 不要怕 我国经济发展基本面仍然强劲 这是打赢金融重大风险攻坚战的强大支撑 今后 金稳委将 定期召开全体会议 不定期召开有针对性的专题会议 统筹研究协调金融领域相关事项 困扰当前经济的不少风险问题极有可能被定向爆破 逐一排查 亮相的7个协作单位或许更触动敏感神经 中纪委 中组部 中宣部 网信办 公安部 司法部 最高法 这些财金系统之外的部门 横跨党政两大系统 说明这一届金稳委虽然还是国务院序列机构 但协调范围已经超出了国务院 说明在金融稳定和发展领域 高层已不再是条块管理思维 而是党政协同发力	1
央行官员的及时表态 给市场吃了一颗定心丸 回顾上半年 人民币走势经历了1994年人民币官方汇率与外汇调剂价格正式并轨以来最大的单月涨幅和最大的单月跌幅两个历史时刻 双向波动的态势逐步显现 业内人士普遍认为 虽然与年初人民币升值阶段相比 当前外汇市场预期有所调整 但对人民币汇率仍然是双向预期 人民币在宏观上不具备持续贬值基础 其汇率更多取决于中国经济基本面 不太可能重现此前外储下降和人民币贬值的恶性循环 经参	经参头版 央行有信心保持汇率基本稳定 贬值难持续人民币仍将双向波动 财联社7月4日讯 新华社主管报纸经济参考报头版刊文称 央行官员的及时表态 给市场吃了一颗定心丸 回顾上半年 人民币走势经历了1994年人民币官方汇率与外汇调剂价格正式并轨以来最大的单月涨幅和最大的单月跌幅两个历史时刻 双向波动的态势逐步显现 业内人士普遍认为 虽然与年初人民币升值阶段相比 当前外汇市场预期有所调整 但对人民币汇率仍然是双向预期 人民币在宏观上不具备持续贬值基础 其汇率更多取决于中国经济基本面 不太可能重现此前外储下降和人民币贬值的恶性循环	1
在当前融资渠道越来越窄的背景下 发债成了许多中小房企的救命稻草 由于房地产调控没有松动 监管部门对房企申报债券的募投项目 发行额度和规模仍有着一定约束 通过发债审核只是第一步 拿到批文后能否发掉 还要看企业的业绩 负债 违约记录 信用评级 负债等情况 在市场情绪的大幅波动下 最近成功发行债券的只有华夏幸福 招商蛇口 万科等少数质地较好的大型房企 一些房企债券额度有可能出现无法募满的局面 上证报	央广网银川7月5日消息 宁夏再担保集团旗下的众联启航供应链管理服务公司因 企 制宜 在创新担保方式方面积极进行实践探索 通过担保加供应链模式为我区小微企业融资开了一扇窗	0
据外媒报道 中国政府目标是截止2025年为止将半导体自给率提升至70 世界智能手机的90 电脑的65 和智能电视的67 都在中国生产 对于生产这些产品所必需的半导体 中国不能只依靠进口 中国的半导体自给率在2016年只占13 5 左右 由于中美贸易战的爆发 使得中国目前发力半导体行业	半导体芯片 国产软件主题持续走强 午后 半导体芯片概念股阿石创迅速封板 彻底激活市场情绪 随后 捷捷微电 国科微 雅克科技 文一科技 鼎信通讯 2连板 华微电子纷纷涨停助攻 消息面上 近期半导体硅晶圆仍紧缺 显示出半导体行业持续高景气态势 机构认为 芯片国产化板块中长期投资机会已经来临 芯片国产化是中国制造崛起之匙 国产装备迎历史机遇 此外 国产软件概念股同样掀起涨停潮 中国软件六天4板 湘邮科技 润和软件 荣科科技 网达软件 顶点软件 创业软件涨停	0
今天尾盘 总规模接近1000亿元的国内最大场内货币基金 华宝添益 511990 疑似出现 乌龙指 最后1分钟出现了6000多万的高价成交 交易价格对于货币基金来说 相当于接近50天的收益 中国基金报	今天尾盘 再次出现异动 总规模接近1000亿元的国内最大场内货币基金疑似出现 乌龙指 最后1分钟出现了6000多万的高价成交 交易价格对于货币基金来说 相当于接近50天的收益 交易明细显示 14点59分27秒 原本在100 02到100 03元之间成交的华宝添益 511990 突然出现大涨 一单5510手的大单出现 价格拉升到了100 5元	1
市场情绪波动比较正常 因为资本市场往前看 从乐观到悲观 从悲观到乐观都很正常 对短期波动不用过度解读 尤其是人民币汇率波动 去年以来加强金融监管对暴露和释放风险起到了很好的作用 我比较正面地看待去年至今的信用紧缩以及与此相关的一系列现象 另外 由于我们的资本市场体量有限 虽然对于情绪有影响 但对整个实体经济的影响而言较小 21经济	九大首席经济学家看2018年投资机会 财联社2月11日讯 展望2018 恒大首席经济学家兼恒大经济研究院院长任泽平认为2017 2018年炒股票 买有基本面的股票 2019 2020年买房 买人口流入地方的房子 安信证券首席经济学家高善文指出 金融去杠杆不会结束 地产有下行压力 中泰证券研究所所长 首席经济学家李迅雷认为 应该重配新兴产业 新动能 减持传统产业 旧动能 在海通证券首席经济学家姜超看来 投资机会首选港股 第二是国内债市 第三是与避险有关的黄金 中信证券首席宏观经济学家诸建芳表示 未来3 5年中国房地产市场的刚需仍保持稳定增长 限购对刚需的影响有限 房地产销售和投资仍有望保持一定增长 天风证券首席经济学家刘煜辉认为 a股风格不会转换 中小市值股票可能会继续下跌 港股化是一个必然的趋势 会有仙股出现 光大证券全球首席经济学家彭文生指出 中国金融周期拐点正发生 房价调整只是时间问题 华泰证券研究所所长 首席经济学家陆挺则表示 2018年 新兴产业将爆发 而房地产看好大城市和都市圈 需谨慎投资经济增速低迷 非都市圈的三四线城市 瑞银投资银行首席中国经济学家汪涛2018年不大看好周期性行业 认为其或面临调整风险 关于行业投资机会 则看好国企改革板块	0
开创国际7月4日晚间公告 全资孙公司以每艘2058万美元的价格 向福建省马尾造船股份有限公司购买三艘新建金枪鱼围网船 合计交易金额6174万美元	月4日晚间公告 公司全资孙公司泛太渔业 马绍尔群岛 有限公司 简称 泛太渔业 以每艘船 2058 万美元的价格向福建省马尾造船股份有限公司 简称 马尾造船公司 购买三艘新建金枪鱼围网船 合计交易金额 6174 万美元 本次交易的资金主要来源为 30 为自有资金 70 为通过借款方式解决	0
海螺水泥4日在互动平台表示 目前芜湖地区除个别生产线按照既定计划检修外 其他均已复产 铜陵海螺三条生产线尚未复产 铜陵市政府正在积极协调有关部门	海螺水泥 600585 2018 06 29融资融券信息显示 海螺水泥融资余额1 254 850 096元 融券余额11 731 392元 融资买入额115 712 408元 融资偿还额71 932 102元 融资净买额43 780 306元 融券余量350 400股 融券卖出量34 900股 融券偿还量20 400股 融资融券余额1 266 581 488元 海螺水泥融资融券详细信息如下表	0
美国芯片厂商美光周二表示 尚未收到竞争对手台联电早些时候提到的在中国大陆销售芯片的临时禁令 美光在声明中称 美光尚未收到台联电和福建晋华集成电路有限公司在7月3日声明中提到的初步禁令 美光表示 在评估来自福州中级人民法院的文件之前 该公司不会对此置评 新浪科技	台湾联电公司3日发布公告称 大陆福州中级人民法院当日就关于美光半导体 西安 有限责任公司和美光半导体销售 上海 有限公司等先行停止侵犯涉案专利权发出 民事裁定书 主要内容包括要求美光半导体 西安 有限责任公司和美光半导体销售 上海 有限公司立即停止制造 销售 进口二十余项半导体产品	1
发改委召开处级以上干部会议 总结上半年工作研究部署下半年重点任务 发改委主任何立峰要求 一要着力稳定经济运行 切实保持经济发展稳中向好势头 二要着力推进攻坚化险 配合打好防范化解金融风险攻坚战 三要着力深化改革开放 持续深化重点领域改革 推动扩大开放促进经济升级 四要着力推动创新转型 增强自主创新能力 提高供给体系质量 切实增强经济创新力和竞争力 五要着力强化统筹协调 增强工作的前瞻性 可操作性和实效性 切实推动党中央重大战略部署落到实处 六要着力强化党的建设 坚决把全面从严治党各项重点任务落到实处面	何立峰要求 全委要更加紧密地团结在以习近平同志为核心的党中央周围 深刻学习领会习近平总书记等中央领导同志关于发展改革工作的重要指示批示精神 以钉钉子精神把党中央关于下半年经济工作的各项部署落到实处 为实现更高质量 更有效率 更加公平 更可持续的发展做出新的贡献 一要着力稳定经济运行 准确研判形势 做好政策储备 激发内需潜力 强化预期管理 切实保持经济发展稳中向好势头 二要着力推进攻坚化险 配合打好防范化解金融风险攻坚战 集中力量支持深度贫困地区脱贫攻坚 细化打好污染防治攻坚战重大举措 不断提高保障和改善民生水平 切实补齐全面建成小康社会短板 三要着力深化改革开放 持续深化重点领域改革 推动扩大开放促进经济升级 全力为庆祝改革开放40周年营造良好氛围 切实激发市场活力和经济内生动力 四要着力推动创新转型 增强自主创新能力 培育壮大新动能 提高供给体系质量 切实增强经济创新力和竞争力 五要着力强化统筹协调 增强工作的前瞻性 可操作性和实效性 切实推动党中央重大战略部署落到实处 六要着力强化党的建设 坚决把全面从严治党各项重点任务落到实处 加强司局协同配合形成工作合力 切实把党的全面领导贯穿到发展改革工作方方面面	1
ofo北京城市运营经理梁铮表示 为了给用户带来更好的服务和骑行体验 我们从今年5月份开始推行 焕新计划 对路面车辆进行保养 6月下旬 我们在完成保养的车辆座椅下方及车筐中均悬挂 已保养 的标识牌 目前在北京进行试点 将逐步推行至全国 36氪	7月2日消息 ofo最近在商业化探索方面又出新招 在其新版app中 上线了一个名为 看看 的新闻信息聚合功能模块 目前 ofo的 看看 共设置了看点 图片 视频 体育 财经 社会 科普 读报等一系列的频道 新闻来源以新华社等官方媒体为主 尚未发现自媒体 地方媒体等机构加入其中	0
龙蟒佰利4日晚间公告 公司及控股子公司四川龙蟒钛业股份有限公司于近期收到政府财政补贴资金共计271 2万元	6 月 25 日公司公告 各型号钛白粉 包括硫酸法钛白粉 氯化法钛白粉 销售价格在原价基础上对国内各类客户上调 500 元人民币 吨 对国际各类客户上调 50 美元 吨	0
蓝光发展4日在互动平台表示 控股子公司蓝光英诺目前暂无上市计划	蓝光发展通过不断增加企业的核心竞争力 持续保持公司在行业中的领先地位 接下来 蓝光发展还将进一步确保公司业务的竞争优势 让蓝光发展进一步加大市场开拓力度 巩固并迅速扩大公司市场份额 蓝光发展必将带领公司实现更新的进步	0
去年8月价格创出近年新高的金属镁 近期涨势卷土重来 7月3日 国内原生镁锭报价达16250元 吨上下 两月间涨幅超过5 较年内低点涨幅已达8 行业分析人士表示 本轮镁价再度上行 与近期山西 陕西等地环保督察有关 也受到镁上游硅铁商品近期上涨的影响 预计短期内镁价仍具上行动力 对相关企业业绩形成利好	2018年7月4日山西九凌金属材料有限公司标准镁锭 99 90 对外报价维持16800元 吨 实单商谈为主	0
外交部发言人回应 美光被禁止在华销售部分芯片产品 第一 中国是法治国家 严格依法办事 为所有企业提供平等保护 无论是中国企业还是外国企业 无论是国有企业还是民营企业 第二 中方始终致力于为中外企业营造法治化 便利化的营商环境 至于你提到这是否与中美贸易摩擦有关联 我不认为两者之间有必然联系	7月3日 福州中级人民法院对美光发出 诉中禁令 法院裁定美光半导体销售 上海 有限公司立即停止销售 加工 进口十余款crucial英睿达固态硬盘 内存条dram及部分闪存ssd 同时责令其删除网站中关于上述产品的宣传广告 购买链接等信息 法院还裁定美光半导体 西安 有限责任公司立即停止制造 销售 进口数款内存条产品	0
商品期货夜盘普遍下跌 焦炭 焦煤 动力煤分别收涨1 74 2 06 0 87 铁矿石收跌1 62 豆油 棕榈油分别收跌0 39 0 29 菜油收涨0 14 豆粕 菜粕 大豆分别收跌1 00 0 78 0 44 原油现涨0 18 沪金现涨0 04 沪银现跌0 11	商品期货夜盘普遍下跌 财联社7月4日讯 商品期货夜盘普遍下跌 焦炭 焦煤 动力煤分别收涨1 74 2 06 0 87 铁矿石收跌1 62 豆油 棕榈油分别收跌0 39 0 29 菜油收涨0 14 豆粕 菜粕 大豆分别收跌1 00 0 78 0 44 原油现涨0 18 沪金现涨0 04 沪银现跌0 11	1
从4日举行的河北省推进去产能调结构转动能工作会议上获悉 今后三年 河北省将继续坚定不移推进去产能工作 实施 432511 工程 即压减退出钢铁产能4000万吨 煤炭3000万吨 平板玻璃2300万重量箱 水泥500万吨 焦炭1000万吨 火电150万千瓦 其中 今年分别压减退出钢铁1200万吨 煤炭1217万吨 平板玻璃800万重量箱 水泥300万吨 焦炭500万吨 火电50万千瓦 今年的任务11月底前全部完成 新华社	今后三年 河北省将继续坚定不移推进去产能工作 实施 432511 工程 即压减退出钢铁产能4000万吨 煤炭3000万吨 平板玻璃2300万重量箱 水泥500万吨 焦炭1000万吨 火电150万千瓦 其中 今年分别压减退出钢铁1200万吨 煤炭1217万吨 平板玻璃800万重量箱 水泥300万吨 焦炭500万吨 火电50万千瓦 今年的任务11月底前全部完成	1
万科a 4日晚晚间公告 公司在港交所披露的数据显示 2018年6月份 公司实现合同销售面积449 9万平方米 合同销售金额656 3亿元 1月至6月 公司实现合同销售面积2035 4万平方米 合同销售金额3046 6亿元	2018年6月份公司实现合同销售面积449 9万平方米 合同销售金额656 3亿元 2018年1 6月份公司累计实现合同销售面积2 035 4万平方米 合同销售金额3 046 6亿元	1
自动驾驶行业的比赛继续加速 似乎所有的汽车制造商都参与其中 甚至包括科技股 包括英伟达 谷歌 英特尔和苹果等 但苹果在其中的参与度显然没有谷歌之高 谷歌拥有数百万计的真实测试里程 以及数十亿计的综合测试里程 但在自动驾驶的早期阶段 苹果还远远不能改变游戏规则 但由于它能产生数十亿美元的季度现金流和收益 它基本上可以在任何时候以一种有意义的方式进入游戏 如果苹果开始涉足自动驾驶领域的用户体验部分 或许这就是它在这个新的增长领域取得成功的途径 由于数百家公司已经在制造硬件 软件和汽车 苹果可以在自动驾驶中开辟出一个独特的市场 thestreet	随着科技技术的不断发展 智能ai成为了当下的热点行业 而自动驾驶系统在人工智能和汽车变革中成为了下一个行业的爆发点 而技术和资本的双重推动 开始让自动驾驶从概念走向了现实 国内外车企也开始相继发布其自动驾驶应用时间表 新推出的多款车型也开始搭载l1级别的自动驾驶功能 而像l2以及l3级别的自动驾驶也已经搭载部分高端车型了 可以说 自动驾驶已经悄然来到我们身边	0
星期六将于2018年07月06日解禁3557 19万股 占总股本比例8 92 相关个股 星期六 002291	星期六股价半年跌35 控股股东质押九成股份 有着 中国鞋业第一股 之称的星期六正面临内外交困的境地 6月16日 星期六发布了控股股东部分股份补充质押的公告 公告显示 控股股东处于质押状态的股份已达到91 03 这是2018年以来星期六控股股东第三次补充质押 一面是控股股东不断补充质押 另一面是经营业绩的持续恶化 2017年	0
雅本化学4日公告 半年报业绩预计比上年同期上升70 100 盈利7 083 92万元 8 334 02万元 报告期内 公司主营业务持续增长 收入的增加推动了业绩提升	雅本化学 300261 7月4日晚间发布2018年半年度业绩预告 报告期内 公司实现归属于上市公司股东的净利润7 083 92万元 8 334 02万元 预计比上年同期上升 70 100 公司称 业绩变动原因为 报告期内 公司主营业务持续增长 收入的增加推动了业绩提升 南通雅本募投项目进展顺利 上海雅本 朴颐化学 艾尔旺等子公司经营情况良好 为公司业绩增长做出积极贡献 公司2018年半年度非经常性损益约为150万元	1
港股正在经历年内低迷时刻 昨日恒生指数继续走低 盘中一度下跌近千点 创下近8个月新低 不过受到a股午后大幅反弹的影响 恒指收盘跌幅收窄 与此同时 超过七成年内上市的港股新股破发 个股闪崩的情形近日也再次出现 据wind数据显示 今年以来港股市场共发行了98只新股 其中71只目前已破发 占比72 45 证券时报	美股周四收高 科技板块领涨 特朗普政府暗示对欧洲汽车关税做出让步 美联储会议纪要表明联储官员越来越担心贸易战的溢出效应 但不会停加息 今日开盘 恒指高开0 26 报28254 37点 国企指数涨0 27 报10636 78点 红筹指数涨0 45 报4234 52点 大市盘前交易18 56亿港元 瑞声科技涨1 42 报107元 领涨蓝筹	0
东软集团将于2018年07月06日解禁49 58万股 占总股本比例0 04	2018年07月03日下午盘14时12分 东软集团 600718 出现异动 股价大幅拉升5 13 截至发稿 该股报13 31元 股 成交量17 593万手 换手率1 42 振幅5 56 量比1 4	0
浙江东方4日晚间公告 公司近日收到参股公司狮丹努集团股份有限公司 以下简称 狮丹努 转来的中国证券监督管理委员会 以下简称 中国证监会 中国证监会行政许可申请受理单 受理序号 181001 中国证监会对狮丹努提交的 狮丹努集团股份有限公司境外首次公开发行股份 包括普通股 优先股等各类股票及股票的派生形式 审批 行政许可申请材料予以受理	浙江东方 600120 7月4日晚间公告称 公司近日收到参股公司狮丹努集团股份有限公司 以下简称 狮丹努 转来的中国证券监督管理委员会 以下简称 中国证监会 中国证监会行政许可申请受理单 受理序号 181001 中国证监会对狮丹努提交的 狮丹努集团股份有限公司境外首次公开发行股份 包括普通股 优先股等各类股票及股票的派生形式 审批 行政许可申请材料予以受理 狮丹努将根据中国证监会及境外交易所的相关规定和要求进行后续工作	1
去年11月底 谷歌宣布 前英特尔数据中心部门的负责人diane bryant将成为谷歌云新的首席运营官 这对谷歌来说是一次重大的胜利 然而这并不是持久的 在上任仅7个月后 bryant就离开了谷歌云 谷歌的一位发言人说 我们感谢她在谷歌期间做出的贡献 我们祝愿她在接下来一切顺利 目前还不清楚bryant离开的原因 techcrunch	财联社7月4日讯 特斯拉跌幅近6 此前有报告称 特斯拉为了最大限度的提高产量以达到周产目标 马斯克全力以赴 停止了关键 马斯克认为不必要 的制动测试 尽可能多的生产汽车	0
